-1.5993265269886363,0.4158352895883414,0.48627950538019216,-2.606181819264482,1.8074521754570159,-4.223408695447705,-5.535016409958465,2.009840406813063,0.34405103053644615,0.5376082710597826,-1.5987590094032527,-8.739442155811233,-0.6741876054746507
-1.58022265625,0.4374091045673077,0.5052852749084094,-2.5932319455030486,1.8477687669836957,-4.187081158295711,-5.5264452197883704,2.041569706913945,0.3641510128881855,0.5494962893657803,-1.5688017839155857,-8.133320586729718,-0.6367476541110035
-1.5753318536931817,0.4788777982271635,0.523348837905789,-2.5600701308831937,1.8421052834733203,-4.1137353625846504,-5.432129292548457,2.0713810734562688,0.376892113666996,0.6022813216499661,-1.5702142295597483,-7.069884396938377,-0.5720661082656722
-1.5029172585227273,0.5411352069561298,0.5378020861134025,-2.5183425531154726,1.923349879570158,-4.075849293406697,-5.32253101204015,2.0862740181587838,0.4176437532780786,0.642651007042168,-1.5561685622113306,-5.102954215824883,-0.4696474565119902
-1.4890511363636363,0.6151402400090145,0.5312660169897613,-2.475940053055926,1.9906388957509882,-3.9919795487678704,-5.20098027096519,2.1272485864771022,0.418427347485485,0.6386203173524845,-1.5623842635244694,-3.438255655226209,-0.37822061867152096
-1.4539280007102273,0.6301400991586539,0.5566952154503105,-2.4308389803258383,2.048732012722332,-3.994124826584838,-5.1569619480567646,2.137646557690503,0.4068934182279469,0.6799500743794885,-1.5220242866180227,-2.7733007660150157,-0.31003058857067833
-1.446384854403409,0.6450748384915865,0.5692291733641062,-2.4160841034679876,2.0284870615118575,-3.9912410647103087,-5.1223314502571204,2.1877074828734986,0.41610815448746097,0.6774772501880337,-1.5250571388868417,-2.470047258921607,-0.2700556729135196
-1.4188249289772727,0.6542961237980769,0.5603820611231075,-2.3902197116758765,2.042962188117589,-4.005406732035365,-5.0836100517948974,2.2231216201553115,0.3985107088349556,0.6852207065369031,-1.5268973104608883,-2.2920795982229913,-0.23960556076372497
-1.4461606889204546,0.6535450157752404,0.5651044194002329,-2.403467503989615,2.069094498826581,-3.9679226039315276,-5.100618386570411,2.253687403223536,0.39228902990979947,0.6893012005349864,-1.5334040803729363,-2.1678099252876364,-0.22024508473376134
-1.4515131392045455,0.6497648268479568,0.5859303918684492,-2.4146713629001524,2.0599153903162057,-3.9983907660835216,-5.051121192642405,2.301046285543356,0.39242841972214093,0.6701617033585258,-1.5368604360136595,-2.0864627260871687,-0.2119090377023933
-1.4464453125,0.6780185171274038,0.5657570406516886,-2.4506255359184452,2.103513695034585,-3.979436709344432,-5.014951681788964,2.3312273455095722,0.366118217426571,0.6715517221770672,-1.5390192187807095,-2.04394378900156,-0.19678568767997073
-1.4510767045454545,0.667464599609375,0.5769522530691964,-2.446462119497904,2.1859811172183794,-3.968496490547404,-4.996896091895767,2.3705409511073574,0.38353794166392224,0.6618528188385578,-1.5700340031078026,-1.9944369454465678,-0.19175863121931647
-1.4615280539772728,0.6633000300480769,0.5864783814234763,-2.440941415181974,2.1649489331151184,-3.9846534929928517,-5.00054081784019,2.395434130419482,0.392609571684719,0.6607067510948418,-1.5532017353945557,-1.9803640094822543,-0.18407050648484705
-1.459434659090909,0.6509931358924279,0.5935739552752571,-2.4652959311880718,2.1373645164278656,-4.00792382371614,-4.97671006601068,2.429885085280593,0.392272758632782,0.6788748984011064,-1.5759929920892295,-1.951053042121685,-0.1799235617646278
-1.4529721235795454,0.6474384014423077,0.5949607991283725,-2.448406498606612,2.146883105854743,-3.9921492898796087,-4.97527226315269,2.4666319151182434,0.40389035513026933,0.6527651200383346,-1.6039330824366156,-1.9385163638967433,-0.17937290848562004
-1.44125390625,0.635098876953125,0.5969719264818274,-2.4633230814119664,2.189453896986166,-3.985881727920429,-4.9718457958366296,2.4993980797203452,0.39790776630196134,0.6611015367211762,-1.6046679994595126,-1.906421393574493,-0.1756400485773461
-1.4403198686079546,0.6345145827073317,0.6044637549737966,-2.496283926614901,2.1491417443799405,-3.9765522126598944,-4.9417326721964,2.5305971254457584,0.4223652824026639,0.6501523604304154,-1.5864066837718651,-1.8979168444081513,-0.17279582873572036
-1.4311418678977272,0.6411862417367789,0.5944562639508929,-2.500896732981612,2.1438746757658103,-3.977834088718021,-4.976102804835839,2.568530200121997,0.41285308909360363,0.6670006224827737,-1.596155898376081,-1.898608893574493,-0.16241660218944723
-1.4181421342329545,0.6277465350811298,0.6261354529339335,-2.522887811428163,2.115902915019763,-4.020198824891836,-4.959342859968355,2.5923564555766703,0.4208715648785129,0.6699445262458754,-1.6189571356623427,-1.8913989372074882,-0.16472609597750662
-1.412802823153409,0.632099609375,0.610379615925854,-2.569819566680164,2.157418401062253,-4.012973805492852,-4.942621544946598,2.6247411962743996,0.4321770292069184,0.668295771438883,-1.6097204820165094,-1.8819696244881046,-0.1709594035076591
-1.4031899857954546,0.6198533278245192,0.6205410690781492,-2.5519911603229803,2.1197589859189723,-3.978520033860045,-4.968228883381132,2.658127976609422,0.4438322187865925,0.645333663277004,-1.6241063531839623,-1.8825721681210998,-0.16498879147440285
-1.4044421164772727,0.6311068021334134,0.6422248034743789,-2.5214873523246952,2.137242928606719,-3.9790479948504514,-4.9234735030162184,2.68274512305274,0.4407792221653005,0.6680921945512664,-1.6061981968909689,-1.8747173910393915,-0.1554405235451874
-1.4195513139204545,0.6305441518930288,0.6500421370038335,-2.553302485768388,2.0722580981348813,-3.9992174273419865,-4.917320927487144,2.701584641281907,0.43888951464615045,0.6622741888768925,-1.5781294144924332,-1.8686302530226209,-0.1590657997707586
-1.3908376242897726,0.6142616624098558,0.6393445885699728,-2.635859233577077,2.0594220911561263,-3.9876008159330323,-4.966987320139438,2.74823217993384,0.4427375882794204,0.6457993406686724,-1.6263445008475825,-1.860671306735082,-0.1557864047969576
-1.405079190340909,0.658708965594952,0.6460361362244031,-2.639670209186833,2.063031319478755,-3.988075503197893,-4.9252705634394776,2.7649252035238363,0.4270462167160666,0.6442266902568178,-1.5813460440005895,-1.8680307563865055,-0.1603386178837802
-1.4089323508522726,0.6031118070162259,0.6626942320640042,-2.670869036418636,2.1161727241847825,-3.9539737055586905,-4.93344618398932,2.793805279889264,0.4432496927754196,0.6504923186687209,-1.60545070816136,-1.8739901109716264,-0.15222737292148555
-1.3647986505681817,0.6013865309495192,0.6554192963594235,-2.6708560106230945,2.0165560153162057,-3.977739665632054,-4.9362839324564876,2.826742819479636,0.42435085466371486,0.6519800979898583,-1.636637177857213,-1.8615536027691109,-0.14779331172701096
-1.4338114346590909,0.5747605543870192,0.6579934351192498,-2.6792877941596798,1.9776110502099802,-3.971827016906509,-4.9822395421281644,2.851176860454204,0.4453064488955162,0.6365999020404697,-1.5688712641877949,-1.862278788026521,-0.15535226689364615
-1.382738192471591,0.5934013014573317,0.6449370769240101,-2.6861453172637195,2.043548511610672,-3.9806623724369827,-4.939569787134098,2.88776074658643,0.45970936402224827,0.6537190312924592,-1.6133138788571149,-1.856856847516088,-0.15505886942238245
-1.3633600852272727,0.5788174203725962,0.6502000322993498,-2.685791015625,2.0106761826828063,-3.997943266788939,-4.968385334256329,2.8948899460984423,0.4315633423899785,0.6730271807368498,-1.625625898253243,-1.861523704112227,-0.1582858843385633
-1.408673739346591,0.5962625826322115,0.6690390924489276,-2.7722357773199313,1.9972181478507904,-3.9906432967691874,-4.9748635593848896,2.9323363891234986,0.4414215921704235,0.6582354906923282,-1.6385926060706564,-1.8495008257361545,-0.1526274436190049
-1.3804495738636364,0.5820819561298077,0.6651286249575408,-2.745210973227896,1.935654181077075,-4.00059666572611,-5.007645619066456,2.9571921775290915,0.43823266010746,0.6539400467961471,-1.6494739460495282,-1.8515327917804212,-0.16222559073180232
-1.3689770951704545,0.6105817119891827,0.6600179257600204,-2.754790143268864,1.9488371958374506,-3.947223740829571,-4.991977739937698,3.004170185810811,0.4583793598446038,0.6507485431173573,-1.6640145163865958,-1.8475461772377144,-0.1487537165062665
-1.3813932883522728,0.5904178560697115,0.6789256030728358,-2.771726282631479,1.9753466217885376,-3.979287175507901,-4.957832433000395,3.013080952045796,0.43439878512880564,0.6405819721103455,-1.634396343111242,-1.8418886657810063,-0.15780925462613293
-1.375057705965909,0.5693458909254808,0.6738053789790373,-2.834342584377382,1.8890061450098814,-3.978971207204665,-5.0077684619758704,3.0458397850975976,0.44374283396760345,0.666876040630459,-1.6687430135858883,-1.8428766545193058,-0.15903875114694463
-1.4239339488636364,0.5403452242337741,0.6485933102435947,-2.8546284001048017,1.8144662487648222,-3.9739542918782917,-5.023163228095332,3.066933571755349,0.44825324148614365,0.6763075360600252,-1.6403459273044418,-1.848099207171412,-0.15963493877307167
-1.3987095170454547,0.5502833439753606,0.6814286131296099,-2.8177341368140243,1.806881677680336,-3.987134211578254,-5.005670861352848,3.09156079908033,0.45170141811207065,0.6541862724730687,-1.689450054048742,-1.8413383019695788,-0.16918564995249952
-1.405958895596591,0.59613525390625,0.6873107341505726,-2.8396896734470274,1.7033538938982213,-3.9684884076373215,-5.0024298172962816,3.1177278352571323,0.43228061268052304,0.6525260972680512,-1.67976657699489,-1.8469537267818839,-0.16345024685124976
-1.3956750710227273,0.533022695688101,0.679366259841445,-2.8581769989758,1.833846768465909,-3.989245320729872,-4.983579225178007,3.149509372653904,0.46219841676424667,0.6474965729328416,-1.6611431769604952,-1.8393457564474454,-0.16645474160185753
-1.3839538352272727,0.5203190260667068,0.7032200594126068,-2.8410380293683306,1.7701326272233202,-4.005419223805493,-5.054137797295293,3.1637054535003752,0.4538011037214578,0.6737101774037995,-1.6770572302476414,-1.8365893668949882,-0.17167497617600547
-1.3764962713068183,0.551797860952524,0.6956994666816285,-2.8723806985994664,1.6255465662055335,-3.9747725028216703,-4.953478849386867,3.197406024188251,0.45591851382586845,0.6450205737759608,-1.728010837386989,-1.836745144610472,-0.17443565299503752
-1.3756703657670455,0.5792858417217548,0.6822962790542508,-2.908135390863186,1.7629238204051383,-3.9987662539973665,-4.9532930398289166,3.2440269859703452,0.47076868657298987,0.6376752201814829,-1.6907649969904677,-1.8319811649887872,-0.1645833041372616
-1.4059558771306817,0.5117665452223558,0.6864274303365198,-2.832609967487614,1.5430420886857708,-3.978079882665538,-5.023835387410997,3.2711988111158035,0.46302970511014346,0.6443904616077494,-1.7167621348638955,-1.8364328274302848,-0.1787415242267159
-1.3946995738636363,0.542959219125601,0.6856214156061966,-2.8990811603825266,1.6671081784214428,-3.988519328442438,-4.998633276058149,3.306858372043919,0.452055717426571,0.6376270744371118,-1.647113152270047,-1.8379728939157567,-0.16744651679185943
-1.396138849431818,0.5388351675180288,0.6927102130392323,-2.9013900756835938,1.660200446208004,-3.9757971953771634,-5.035782826097706,3.3213568793402777,0.4516729731563476,0.6538713348578222,-1.6913876323579993,-1.8357704864835218,-0.1831359632785947
-1.3865397727272728,0.504165273813101,0.6821190970284599,-2.8511065971560594,1.58958416965168,-3.9875372548673815,-4.985273143913172,3.3328941734703452,0.45662168075478143,0.637393453846807,-1.752315881117335,-1.8286726976891576,-0.17159616983188963
-1.3988433948863637,0.5289930607722356,0.6739525646896836,-2.8749609226133765,1.425795145750988,-3.9854265131207676,-5.0375153746786,3.3709192591028527,0.46167163714871196,0.6377972904939829,-1.6757079310387186,-1.8316124783663221,-0.17533292511078527
-1.4042604758522728,0.5265556452824519,0.6864473804924058,-2.8740852169874236,1.4870232020442193,-3.983380067249812,-4.996613707723497,3.3785847615193316,0.4553854925198819,0.6482030264339091,-1.6981103285303656,-1.8381418118052848,-0.18111502656043477
-1.3999572088068182,0.5609064190204327,0.6823236690544934,-2.889847360006193,1.600241052680336,-3.9935744538892024,-5.0005860147596914,3.4302296681447073,0.44848813869169596,0.6171032449473506,-1.7057514310632862,-1.8326852117053432,-0.17802743825307427
-1.4196610440340909,0.5259687687800481,0.6850843251862141,-2.882690057521913,1.416961887042984,-4.021526993980436,-4.9864509679094144,3.4415407839480103,0.4604888606313427,0.6355385158372961,-1.6933359589966588,-1.8317017934623634,-0.1671320174756007
-1.4032752130681818,0.6070744910606971,0.6811500217603601,-2.949627946062786,1.4095566097455534,-3.9977353155568096,-5.0224617100969144,3.469820772921359,0.41899934362192626,0.6269729329932551,-1.691699333910672,-1.8208350599648986,-0.18021233780506515
-1.4026845703125,0.5622138859675481,0.6726542407681483,-2.898730952565263,1.41482705579916,-4.004801248589165,-5.02393003053303,3.496710333380255,0.4416160851507611,0.6342120437148195,-1.6946795001719732,-1.83032340824883,-0.1793224876380759
-1.4036099964488635,0.6084136023888221,0.7053658621651786,-2.845892929449314,1.3805830039525693,-3.961047721501129,-5.0573073761372624,3.520977031719219,0.45648903292105775,0.6110377815199195,-1.6954123059158805,-1.8310150765405617,-0.17188177656190992
-1.4014038529829544,0.5987342247596154,0.6819817679268974,-2.9474848305306782,1.3867539718688242,-3.996431762603461,-5.066610988182358,3.5445171734234235,0.44256772853544596,0.6418402535574776,-1.6833653480001964,-1.824416614359887,-0.16190322000094412
-1.3925960582386363,0.5956610107421875,0.6729942463939975,-2.9279213882074124,1.414394647047925,-4.001442432044771,-5.0651001749159414,3.552023947775901,0.4482694889399151,0.6292399530825408,-1.7232232243759826,-1.8388131033053823,-0.17086264157943495
-1.411396573153409,0.6140198223407451,0.6844549712187015,-2.9398956298828125,1.302133769762846,-3.981243239747931,-5.043244567098497,3.5993139135228978,0.4538792439683353,0.6314036683266208,-1.7101240817855738,-1.8286138525619149,-0.17449172097750662
-1.396392755681818,0.6155618990384616,0.6898067308508832,-2.932229577041254,1.1751736968873518,-3.9930042413233635,-4.9831658858287184,3.624633422484985,0.442872141972824,0.6228425399116848,-1.6806565770563089,-1.8312100843408736,-0.1731979854157324
-1.3792897727272728,0.6032501690204327,0.6793772537515771,-2.9416109410727898,1.3050851693737648,-4.024142182797216,-5.011303865456883,3.6539962814376876,0.46519995517418034,0.6264715727812015,-1.726711057267099,-1.814772678797777,-0.16438157464802444
-1.3965822088068183,0.617030029296875,0.6852659616411102,-2.8932792849657014,1.198077561450099,-3.9884855271820916,-5.042283456536788,3.6902984527496248,0.4497125582430718,0.6299032839188664,-1.679408811173349,-1.8367481916073518,-0.1646415503003446
-1.4092487571022727,0.612559814453125,0.6512318960628154,-2.9734247719369282,1.2703107630311266,-3.981877748189428,-5.033037789260285,3.702465893628003,0.4583851250701356,0.6462452574546292,-1.6898245181677476,-1.822412833036759,-0.16150079825133357
-1.3673024680397727,0.6547556246243991,0.6983305178814053,-2.949817936594893,1.3315130542860671,-3.9647011968585404,-5.00463442259197,3.7426145628049925,0.4612151837553669,0.6215951102120536,-1.7245210851513364,-1.8182209270792706,-0.16420072803324443
-1.4042868430397728,0.6144989483173077,0.6916672605905474,-2.9508480909394055,1.1261981225296442,-3.9698636045664033,-5.044916080523141,3.7595097538945197,0.4782536645869926,0.6226215244079969,-1.6951712362421383,-1.8258342296582488,-0.17157436497622025
-1.3898288352272727,0.6481253756009615,0.6863871509243983,-2.9474211902153202,1.2207586115056819,-3.9713710672968396,-5.0735106649278086,3.8141737929335586,0.45925738939915106,0.6237991048682551,-1.7212152061222483,-1.8349693167414196,-0.15940965266386187
-1.3942776988636363,0.6145947265625,0.695317996955066,-2.9997214340582126,1.2471758816082015,-3.967646315368698,-5.0411044736451744,3.836718310106982,0.46950572100958726,0.6350855856948758,-1.671310712706368,-1.8287353515625,-0.17870147566780945
-1.423861328125,0.6512123460036058,0.6837990328391886,-2.868271618354611,1.0893564337327075,-3.9676334561935667,-5.000931751878956,3.85339868677271,0.48085116074477946,0.6035551462114227,-1.6875535497125589,-1.8227455270085804,-0.16091414160598802
-1.375825106534091,0.6257831280048077,0.7005575428838315,-2.960871812773914,1.1529011240118576,-3.9960309237443568,-5.02364339707773,3.8477401962509385,0.46999633693769516,0.6248681204659599,-1.6785971203690055,-1.8296450705684477,-0.170314685095473
-1.3816570490056819,0.6412340839092548,0.7024597736619274,-2.905260039538872,1.1877325608325098,-3.973717315650865,-5.0217563291139244,3.9069501630536787,0.4562415570416179,0.6325789741847826,-1.6785001934699293,-1.8291866879753316,-0.1644933994443035
-1.3777919034090909,0.6097398493840144,0.7048600001364761,-2.8805527105564024,1.1956913522109685,-4.012553126763544,-5.053071227254747,3.9245216896584085,0.4965280477745658,0.6277422697647758,-1.633078137283805,-1.8257152063426287,-0.16559471752708413
-1.3812529296875,0.6143143873948317,0.6690320317049204,-2.9220666652772485,1.218551599555336,-3.974881254702784,-5.010288673111155,3.9567438532282284,0.46005718341383683,0.6376797219981318,-1.619347722275452,-1.8224949115152107,-0.16605971875147518
-1.4235579723011365,0.6824506554236779,0.6994737423725009,-2.9726127066263337,1.1421246796257412,-3.9962274854213695,-5.026664637312105,3.97082226269238,0.46546391673985166,0.6220372359945167,-1.6141445711723663,-1.822679254826443,-0.16870133322171213
-1.3845392400568182,0.6556138258713943,0.6816118133734472,-2.9248873082602898,1.1377936442378953,-3.990410729401806,-5.012540793117089,4.008205471096096,0.4501003053949551,0.6337605351987092,-1.61729363975285,-1.8282781115932136,-0.17104299262931338
-1.3850582386363637,0.6771728985126202,0.6900828106803183,-2.8405655651557735,1.0631296512166502,-3.970870294276712,-4.973110536985759,4.02272120753566,0.4738105815616462,0.6304199029199825,-1.6538521628709708,-1.82617073237617,-0.15076887931708483
-1.3779644886363636,0.6619296499399039,0.6925429823976126,-2.8645628021984564,1.1451401540884387,-3.9921713341798344,-5.0234023468403874,4.053873331339152,0.46432964435133683,0.6297009391073854,-1.6285043392541274,-1.8218100989664587,-0.17170731466702463
-1.3837362393465908,0.6541303898737981,0.6880519701086957,-2.945876516946932,1.0848672376791009,-3.9742147820259595,-5.0265549285502376,4.083403349638701,0.46514754403298203,0.6341424788007085,-1.600152165634827,-1.8244282310354913,-0.15959854356471864
-1.376041015625,0.6536659123347356,0.7064370575898923,-2.9298278064262577,1.2264638787672926,-4.0061231717927015,-5.022005491618868,4.096316042605105,0.45314424918276736,0.6407395356930561,-1.6461390849179443,-1.8240892526326054,-0.1746255235009323
-1.3829345703125,0.6469919057992789,0.691011985636646,-2.859499303306021,1.0962016350666997,-3.978753703442438,-5.007341988479035,4.135575761308183,0.4785220096299278,0.6433280802661587,-1.592137558655169,-1.825341568350234,-0.15620406228610037
-1.4036193181818182,0.6486673208383413,0.6955027136003008,-2.918979179568407,1.1866921164772728,-3.983998409871144,-4.961358951616891,4.154257284628378,0.4517606903481167,0.6249237534422312,-1.5960910245307587,-1.810281024522231,-0.16708159662805655
-1.3862095170454545,0.6280677208533654,0.690751354146448,-2.9025045255335367,0.9913323323246047,-3.9951120438299474,-5.012754416163964,4.170486037795608,0.4601304160720385,0.6624434097953464,-1.6002575376498624,-1.8232976047557528,-0.15798804983271572
-1.384550870028409,0.6897649676983173,0.6957088968028193,-2.879436213795732,1.0052212319355238,-3.9895278551777653,-5.0213236748417724,4.228844811608483,0.4644277008318696,0.6525053415239227,-1.5728702185288914,-1.8252503488811427,-0.14926134783695832
-1.3680783025568182,0.6791757436899039,0.705898782481318,-2.8661560430759336,1.096897870090168,-3.9969505384687736,-4.963761728021163,4.237106369064377,0.47668900143625587,0.6166197498392615,-1.5662885941799332,-1.812965619210706,-0.15508205724987018
-1.3727531960227273,0.6564498197115385,0.6930878443747573,-2.892208564572218,1.2543496595541008,-4.00856347582769,-4.9560608682753164,4.249619492539415,0.4666171524321819,0.6207877686305076,-1.6096772007972189,-1.8230357534613884,-0.16175708597880475
-1.3787349076704545,0.6609083439753606,0.6905158380543963,-2.9069466939786586,0.9746039710968379,-3.9590810025159895,-4.985566344442247,4.254193646771772,0.45543128079869244,0.6520834976101514,-1.5857437421690743,-1.8245289723698324,-0.1556951747560069
-1.3555678267045455,0.6626231032151443,0.7072715522339625,-2.8723364108946265,0.9164187947751976,-4.014391253997366,-4.935126968576938,4.315580350858671,0.4662265464907787,0.645014176457565,-1.589085800842669,-1.8232221915829758,-0.15248801701018458
-1.3862644708806817,0.6649123910757212,0.6897634660235102,-2.8714286990282014,1.13129496819417,-3.9681680304740405,-4.989788586580301,4.317585163288288,0.4810875826380757,0.651278809731051,-1.5690991863514643,-1.8216918374000586,-0.15479182908902356
-1.3593082386363637,0.6689026348407452,0.6872874194790858,-2.840421350990854,1.206042721714427,-4.012161105624529,-5.003232545490507,4.33813403246997,0.47815660868279175,0.6655830715013586,-1.5919400581023977,-1.8082886694374025,-0.16223970856911465
-1.375815518465909,0.6710292405348558,0.718353555809637,-2.8263691227610517,1.039548465291502,-3.978752233822423,-4.926560027689874,4.357779654654655,0.4639673404261807,0.6604525643105833,-1.591741405942905,-1.8142141261822349,-0.15243841442096628
-1.3836496803977272,0.6791792649489182,0.715193470072302,-2.78143850186976,1.042197246325346,-3.9688190721407075,-4.959534077704707,4.382502375422297,0.47012669773980287,0.6345571198078416,-1.5818029439674233,-1.8295049087119735,-0.16288298638565663
-1.3954819779829546,0.6547908841646635,0.7003286136603504,-2.7909609166587273,1.2933719197751976,-4.001975169300226,-4.996158261842366,4.384177634665916,0.46336794755684035,0.6640557235812549,-1.564768281372838,-1.811668550726404,-0.15829659084539038
-1.3854910333806818,0.647454082782452,0.7017224234823854,-2.818493912859661,1.1926631399765317,-3.949248142400301,-5.000639710245253,4.398164766328829,0.4824892471396858,0.6476233346121651,-1.5658945527466588,-1.8288060038026521,-0.16159125613301903
-1.3650387073863637,0.6761772273137019,0.6676286022115198,-2.844799320872237,1.0895337975543478,-3.982105171886757,-4.949084318136867,4.433229371950075,0.4593988518338944,0.670736893363621,-1.5657490664308176,-1.820113873890893,-0.15704131342493155
-1.3512874644886363,0.6748048753004807,0.7057117912339868,-2.764683421065168,1.0784310925148222,-3.995091101744733,-4.915762213212025,4.469165332324512,0.4713987637831772,0.6788335290754804,-1.5356908834205483,-1.8239607074517357,-0.14141831873406815
-1.3813304332386365,0.6665887920673077,0.6949858102739227,-2.7983912026009907,0.9957284075469368,-3.97116017682468,-4.9911452667622624,4.47045751806494,0.472931074965847,0.6538807175914694,-1.535406340593062,-1.8286258501121295,-0.16785102452396267
-1.3629193892045455,0.6752807147686298,0.716866724239373,-2.778711272449028,1.0874475049407115,-3.981190333427389,-4.968484226661392,4.502739433769707,0.4646200497200673,0.6438843626413286,-1.5642861420253538,-1.8318968012626755,-0.15033565187022044
-1.3819434481534092,0.6747894756610577,0.6819918614736995,-2.739132020531631,0.979387969367589,-3.9776727979213695,-5.013029074367089,4.521022853908596,0.4791230224799961,0.6511572132939878,-1.4925753995307587,-1.8210487306210998,-0.1465583870418122
-1.3660697798295454,0.6634006911057693,0.6919783598147564,-2.7820337807259907,1.3103295608942689,-3.9732095619356658,-4.9700344423704506,4.561789206198386,0.45810129491730095,0.6674315174173865,-1.5149938235492826,-1.8086577369344774,-0.15634058465410217
-1.3450836292613637,0.6739139498197115,0.6883188567546584,-2.7444539884241617,1.0554037101655138,-3.9661021121378854,-4.967152269580696,4.56653785132789,0.4737978599482826,0.6713594709123883,-1.5475396690128733,-1.8207569806698518,-0.16397311392147376
-1.3362540838068182,0.6173185847355769,0.6942581745408336,-2.7649320276772102,1.2688478492465416,-3.9731897220654626,-4.961215634889241,4.552408121011637,0.4862591328795863,0.6459298459639461,-1.5494851166347288,-1.8262210078246879,-0.1633416144149181
-1.3518454367897728,0.694872295673077,0.6886982888168429,-2.7172390077172257,1.199176194262599,-3.961334297404063,-5.017471892924249,4.567855330916855,0.46187060889929743,0.6591683144895186,-1.5125485786102102,-1.8174266130801482,-0.15367585150496837
-1.381151278409091,0.7005561241736779,0.70095521915033,-2.710228524556974,0.9830642639883893,-3.9837184472582767,-4.998416948922073,4.588584189658408,0.46455196288300155,0.6642940829259268,-1.512158471833235,-1.8146527032956319,-0.1551457085278099
-1.3855280539772727,0.6630960787259615,0.7035353761282026,-2.751433954006288,1.0827241075839922,-3.9859621896162527,-4.956505111501187,4.5997919306024775,0.48141324641088507,0.6518203545801388,-1.5202352655758649,-1.8179293675653276,-0.1524171512292591
-1.3663549360795455,0.6959807880108173,0.671204039769143,-2.755821786275724,1.2357784708498023,-3.9437484568989842,-4.967744078817247,4.637138114677177,0.4590557970915057,0.652052885256939,-1.5168936867384042,-1.816747513650546,-0.15843722755455178
-1.3799803799715908,0.6745113431490385,0.6915753761433666,-2.729966698623285,1.2404553560400198,-3.9943099987067345,-5.003038623664953,4.640589808558558,0.47684571074843873,0.6488554107476465,-1.4911451999496363,-1.8226788739518331,-0.15387740812272824
-1.3816923828125,0.6676348407451923,0.6747834104928911,-2.746951963843369,1.03860635267416,-3.9656964970137323,-4.984301603293117,4.60155370213964,0.48974175791922814,0.6508770107482531,-1.5257890809257075,-1.8168360669973673,-0.1479363801616196
-1.3604753196022727,0.6334290959284856,0.6715520538898728,-2.707477848704268,1.0678878844491106,-3.96236523584462,-4.9669127645371836,4.673242334131006,0.4600346942696136,0.6698054911927407,-1.5148549589720912,-1.8163502614323324,-0.16447345007582373
-1.3551982421875,0.6544739239032452,0.6896019218871312,-2.699544022722942,1.4114076395750987,-3.971495984998119,-4.9618630711036396,4.676459784980293,0.4805545136855972,0.6609484749551146,-1.50370510269261,-1.81555099606328,-0.15095199631059997
-1.361564453125,0.6765559269831731,0.6845834862371409,-2.732146844631288,1.3231191522047925,-3.9808604037340105,-4.992870089374011,4.681071330119182,0.5000210597494633,0.6536472865513393,-1.5158292182586477,-1.8156867778617394,-0.1487310357684455
-1.3926677911931817,0.6885385366586538,0.6981300685716711,-2.7540234821598704,1.2573185253520256,-3.9914604054975547,-4.9789312821400316,4.674566045537725,0.4668487620297863,0.6632726918096128,-1.5016477572842963,-1.822068712826638,-0.15614235869347148
-1.3578762428977273,0.6699564302884615,0.694211403035229,-2.7530130525914633,1.1493731472332016,-3.969054946153123,-4.985897788518591,4.73010327221753,0.4699958604727752,0.6500076388720399,-1.4965427806542355,-1.8253149071275352,-0.137043368060063
-1.3574735440340908,0.6530239633413462,0.6923389316345594,-2.7750471161633,1.2207506986474803,-3.9820162598758464,-4.950113417227057,4.7039164408549174,0.4500922531378074,0.660469671213849,-1.4833420087706368,-1.8215118741468408,-0.1561237922968101
-1.371541814630682,0.7003122182992788,0.6852617915372671,-2.699878971751143,1.17857217298666,-3.9751097806151243,-4.954388195955301,4.714767135299362,0.48422643823794886,0.6877311090504901,-1.4972587921334513,-1.821850471675117,-0.14255060386081478
-1.3531986860795455,0.6953457406850961,0.6880333468040324,-2.7136271406964556,1.1161099038105238,-3.9878308114653875,-5.0089659871934336,4.719118043825075,0.4786169214419887,0.6681832260226611,-1.488571454893868,-1.8196004549166342,-0.15655874845844742
-1.3740751953125,0.6905860314002403,0.715268531941479,-2.698688600121475,1.1490053923233696,-3.956928009193943,-4.9417481241346914,4.7280870958849475,0.46473054193501173,0.6823048088121118,-1.498224414369595,-1.815431782310355,-0.15679960452537883
-1.3507700639204545,0.6582512958233173,0.70718080508783,-2.761727868056879,1.161241276556324,-3.9407684349134686,-4.953022244610364,4.732003610055368,0.4714379768460919,0.6631630844210986,-1.522464008451258,-1.8144969255801482,-0.15669457934054004
-1.3328600852272727,0.7090915151742788,0.6625728251771157,-2.688557694597942,1.1138017616724307,-3.9495534559584273,-4.899383544921875,4.753203154326201,0.48050896363924667,0.6810426889739422,-1.4968703167993318,-1.8109448889674338,-0.15205077894504698
-1.3124634232954546,0.6120652418870193,0.689589364188058,-2.7451616612876335,1.2034834910758399,-3.97735058373307,-4.965905298160601,4.728929124436937,0.4884088473055718,0.652205757472826,-1.5009368320681014,-1.8097344694569033,-0.15206302977040456
-1.3371292613636363,0.6565371469350961,0.6946703513956959,-2.7698114906869282,1.2685316244132905,-3.9890976239183598,-4.9275107081932354,4.771921335397898,0.4652069592085041,0.6781777328585986,-1.4900754532724056,-1.8198916335559672,-0.14973011765955438
-1.3414849076704545,0.660532461313101,0.6837701264375485,-2.7454832123547064,1.140511035542243,-3.9599616723100075,-4.92619999752769,4.757517771677928,0.483705090322502,0.6646072672020574,-1.5204435144580386,-1.8238572999951248,-0.14540814633095733
-1.3524133522727273,0.6753890286959134,0.6927558472437888,-2.7157417855611663,1.3074515964673914,-3.970818857576185,-4.9809775050682354,4.766292171077327,0.4550423424845092,0.6507181677018633,-1.4638760164848663,-1.8264285844871295,-0.15284090531916777
-1.3688560901988636,0.6775841346153846,0.6834896869540955,-2.697139088700457,1.1296535326086956,-3.983836751669488,-4.970219865629945,4.734274191183371,0.4729095863979557,0.6686753930512422,-1.4936959128709708,-1.8222282992882215,-0.1603506958376605
-1.3387751242897727,0.6652935321514423,0.6890362567783143,-2.66461721280726,1.1543835304471344,-3.9879667513167796,-4.96088496340981,4.758099163616742,0.4617263353215261,0.6758302487201572,-1.5212423456539899,-1.8207428883092824,-0.15028309894112302
-1.3515443892045456,0.6716779033954327,0.7097005429475204,-2.6813369378810976,1.1561967329545455,-3.993533671933785,-4.926533759394778,4.7609262094125375,0.48350983499829236,0.6702034991720448,-1.5062111908534788,-1.8118454669827417,-0.1580540406379815
-1.3615301846590908,0.6661909836989183,0.7010636418502524,-2.6839370727539062,1.3704541594614625,-3.963589061912152,-4.9994533876829506,4.776883695218656,0.44574103254903397,0.6738593533912801,-1.4878412402650845,-1.8285199669705539,-0.16347660398915456
-1.349002041903409,0.6584742149939904,0.6506055275105541,-2.6913396323599468,1.1041468201889821,-3.969975295687547,-5.0062391063835046,4.798273126642267,0.47152550345189304,0.6594822095788043,-1.5008017102127555,-1.81299018562305,-0.15000230956293664
-1.3251276633522728,0.6737850717397836,0.6991007550162558,-2.7201136147103657,1.1165421195652174,-3.9429905003762227,-4.955311835566653,4.758206937406156,0.4753360316494682,0.6894152149650621,-1.495800666089328,-1.8164729030567472,-0.1495728737638076
-1.3420907315340909,0.651004169170673,0.6815993978370051,-2.6721816644435976,1.1766811928730236,-3.967955302976862,-4.955532411985759,4.774690828523837,0.4520507621914032,0.6814229266243692,-1.5118724894973468,-1.8133447798849454,-0.1550629491892466
-1.3612257634943181,0.670838857797476,0.7093613429099136,-2.661502745093369,1.2237898151865119,-4.001708433267495,-4.923723824416535,4.747631176097973,0.4700894381830601,0.6653954642159599,-1.4979560900034394,-1.807102054589996,-0.1459025357064884
-1.3535814985795454,0.6613303786057693,0.6784286972898874,-2.6822561868807164,1.2651006283967392,-3.94666602003386,-4.947324342365507,4.744970556493994,0.46800433240022443,0.6810710267250583,-1.4793157037698998,-1.8131067332537052,-0.1466255764226539
-1.3001995738636363,0.6279251333383413,0.7103507948217925,-2.65644985292016,1.0968840708374505,-3.9816135839917233,-4.9458266632466374,4.769165405640015,0.48143697436390026,0.6524976647418478,-1.4991362949587264,-1.8238384467019306,-0.1454161906170341
-1.3352096946022727,0.6802529672475962,0.6719281688240004,-2.7757947968273626,1.4050960736783598,-3.953559272714447,-4.9960157177116296,4.797218116554054,0.47912235542910814,0.6975017571301194,-1.471161368508009,-1.8151821190035102,-0.14329365156928578
-1.3440458096590908,0.6464115553635817,0.692912747400888,-2.6826566370522102,1.1558311975049407,-3.9723990664973665,-4.9140149852897546,4.768972219289602,0.45342298116095825,0.662722759365295,-1.5138796440460398,-1.8246438060647425,-0.15835976960795883
-1.347300692471591,0.6928450364332933,0.7031855612808133,-2.744546657655297,1.2131501088500494,-3.9491129373589167,-4.94982060299644,4.801346145950638,0.4825986434853142,0.6410990649868983,-1.4804294034370087,-1.8201582457829564,-0.14661884595980457
-1.3665491832386363,0.6377474740835336,0.7011082809163917,-2.723924590320122,1.258246163228755,-3.9540034653639955,-4.958928361723695,4.79541088940503,0.461639713999073,0.6552718263235151,-1.5165933093184945,-1.8143485749195594,-0.15555989706264162
-1.3183861860795454,0.6618253267728366,0.6864759551812403,-2.6871148086175687,1.168648097826087,-3.959126193331452,-4.9886474609375,4.787339952256945,0.45401170121609097,0.6697128011573176,-1.4880609092472483,-1.8277553611910102,-0.162640758871672
-1.3799635120738636,0.6741578556941106,0.6957460960246021,-2.7502919639029155,1.1131741369194663,-3.954812123777276,-4.938471540620055,4.797997460350976,0.47750113589236926,0.6642810987389606,-1.5092141973147601,-1.8131196829904446,-0.15517978725836717
-1.3722242542613636,0.6674707970252404,0.6737220716772613,-2.7372123904344514,1.3499563827816206,-3.9914593032825434,-4.990128915521163,4.77562816722973,0.46748469975848944,0.6750995801842731,-1.5157288365394064,-1.8147778206050118,-0.15859807870179143
-1.3461544744318181,0.6714934833233173,0.6935261791537267,-2.7767564727038874,1.1035050101902173,-3.9902549496802107,-4.9957426047023334,4.787296696110173,0.4846314334199356,0.6773781154466711,-1.4989600991303067,-1.8269894223503316,-0.15269106032264917
-1.3462659801136363,0.6600724440354567,0.6801141774432259,-2.7525255156726374,1.2577430212450593,-3.970910708827126,-5.0376131081882916,4.792106559684685,0.4686525629238632,0.6710859026227679,-1.4782267636473074,-1.8283801859886895,-0.15786352474523815
-1.3451675248579547,0.6762496243990385,0.7036515703852873,-2.731063098442264,1.1674382990056817,-3.9763064187123778,-4.9924575226216374,4.786105319186374,0.47769505711480287,0.6626815322023001,-1.5184738830950275,-1.8227912319617785,-0.14770053736752975
-1.3536731178977273,0.6521146803635818,0.6826681764969914,-2.7083855605706937,1.1222227797677866,-3.9741174196999625,-4.9773119190071204,4.789432010135135,0.48772450074099827,0.6547814126340499,-1.4937057015281054,-1.817824246172972,-0.15167134910191654
-1.3457416548295456,0.6489806189903846,0.7071546945512664,-2.7415030874857087,1.25144940402668,-3.9787621537575246,-4.967344646212421,4.78784399634009,0.48650279703966626,0.6658778220230008,-1.5120469579156839,-1.8309354737470749,-0.1502165549471299
-1.3298109019886364,0.6671569354717548,0.6774886231985151,-2.7568059781702554,1.055845768743824,-3.9696185454288937,-4.946220301374605,4.800021334811374,0.4628028601617389,0.6735507657068857,-1.474440760582498,-1.8113171938986934,-0.15108605237885905
-1.3245929509943182,0.6658452899639423,0.6969873179560122,-2.784530825731231,1.0880579530014822,-3.957119427200903,-4.9857687648338604,4.783899622278528,0.4807985590176132,0.683621519100592,-1.5074672099179443,-1.8090016667072932,-0.1612338155418004
-1.3336990411931817,0.693349609375,0.7059740812882133,-2.796013436666349,1.3044546496726779,-3.9578498283483823,-4.965252453767801,4.794109539226727,0.4836498203917838,0.6856146391874515,-1.4918045907650355,-1.8190841793828003,-0.16513281646451922
-1.3234406072443181,0.6405862661508414,0.6781401071489227,-2.7076897970060023,1.2018209223690712,-3.9364499564992474,-5.015842872329905,4.773573133680555,0.46669686501329527,0.6576111124169012,-1.5133563347582548,-1.8191826354694813,-0.1595819018038378
-1.3665480291193182,0.6775043194110577,0.6776607347571332,-2.7839483865877477,1.1791305119812252,-3.975472776758841,-4.963585189626187,4.756072356536223,0.4740438111399785,0.6632661997161297,-1.5148081269654088,-1.8088485551140796,-0.15600758808977294
-1.330939453125,0.6518112417367788,0.6922284712702591,-2.767057093178354,1.0305947767416008,-3.9553632312829197,-4.945441909983188,4.791830160238363,0.47320647168959795,0.6831363654284743,-1.4911395378832548,-1.8226419291146645,-0.15085117766504202
-1.3397416548295455,0.6922293795072115,0.6909911825049738,-2.758745146960747,1.1398134495429841,-3.96761912739842,-5.026458740234375,4.80931370823949,0.4799960015063915,0.6840711321149554,-1.4908524039406446,-1.8127932734496879,-0.15197998231271242
-1.3460048828125,0.6804318472055289,0.6741121659367721,-2.800773248439882,1.3148120985671936,-3.9348664409330323,-4.996911157535601,4.805517431493994,0.47021655902371196,0.6636944883358404,-1.5040173800486438,-1.8279676987860765,-0.1629337645009205
-1.3392594105113635,0.6736162860576923,0.6984742443013635,-2.7686387969226374,1.2493331969491106,-3.94966992334462,-4.960282337816456,4.799536352759009,0.47640779184048104,0.6681406720084433,-1.5139977797022406,-1.8143432426750195,-0.1542605489402379
-1.348390802556818,0.6623934701772837,0.6775638746178668,-2.708633236768769,1.259755878674654,-3.9806513502868697,-4.9892578125,4.8571146830424174,0.4670045184121292,0.6502026386142518,-1.4829978702953026,-1.8120658029446177,-0.16850346452880122
-1.328552734375,0.6421448692908653,0.6745400280685898,-2.802010326850705,1.1349076704545455,-3.9763674079430023,-4.968443279024921,4.813124648085585,0.48828296527371196,0.6744752492963898,-1.5028864062807095,-1.8197331897182136,-0.1515557787569628
-1.3477825816761364,0.6668620887169471,0.6877759850543478,-2.7331758824790398,1.2472856966403163,-3.943834797074868,-4.926910786689082,4.810482357357357,0.4741572574374268,0.6634473622955891,-1.4958037370405857,-1.8183460443886506,-0.14661061727748537
-1.3424859730113636,0.6343993201622596,0.6877500166804154,-2.827088704923304,1.1624069756669961,-3.975216328066215,-4.946905208539359,4.835654502158408,0.47143173515564013,0.6544388006932987,-1.4753936191774764,-1.8098759643745126,-0.17198677869721843
-1.3369683061079545,0.6186961012620192,0.7104105979019071,-2.703338623046875,1.3063339534955534,-3.973257324586155,-4.976917894580696,4.809007982591967,0.48249058124146177,0.6506961798815993,-1.5066534078346108,-1.8154167377632606,-0.15251807359770345
-1.3529289772727273,0.6600101881760817,0.6870283043902853,-2.768544639029154,1.0236868515316206,-3.968585035153311,-4.967859195757516,4.799598670936562,0.4648206890978728,0.6681312418872525,-1.4763057876682881,-1.826805269476404,-0.16336084924795838
-1.3474264026988636,0.6729558856670673,0.6983290488675514,-2.71585920380383,1.105154455132164,-3.971723041290444,-4.9838928995253164,4.789901229354355,0.4720784886380269,0.6623994341548185,-1.4648396234092473,-1.8167187576174921,-0.15450549629879862
-1.3591651278409091,0.66287841796875,0.703749662600689,-2.742804550543064,1.1199494735054347,-3.93859082545617,-4.978422913370253,4.785983982028904,0.49413995794911203,0.6512328912012325,-1.4788949834475726,-1.829612886663904,-0.15510356246164558
-1.3447939453125,0.6806650484525241,0.7162164723651009,-2.7888853491806405,1.2120861189167491,-3.96154004420617,-4.973422279840784,4.819504563156907,0.4851889926693013,0.6550443187263442,-1.4804953329218258,-1.801173360410979,-0.14980642312963202
-1.333213955965909,0.6751979417067308,0.7157961448527271,-2.714491309189215,1.1829683447072628,-3.973848846642212,-4.948504097854035,4.802343603368994,0.49854601965017564,0.6614849019494856,-1.519688828186419,-1.817356151277301,-0.1516707498141286
-1.3742842684659091,0.6559546367938702,0.7052789534100835,-2.7268207829173017,1.1188754477519762,-3.9704705576326185,-4.9404018740110756,4.787400437546922,0.4858316485533763,0.6670471096631163,-1.4825186099646226,-1.8180638163026521,-0.14670272320058772
-1.3241351207386363,0.6392152756911058,0.6823781173421729,-2.7875730933212655,1.1869808393033596,-3.9580658624905944,-4.9614821808247624,4.79675586230762,0.4976839993169399,0.6538619521241751,-1.480271633316136,-1.8233594968798752,-0.15037266941589172
-1.3588791725852272,0.643857891376202,0.6928764011548914,-2.7330387394602704,1.287872097332016,-3.9431426060477803,-4.973090835764438,4.816519155874625,0.4688179438975898,0.6567972313543284,-1.4733689026262775,-1.8154788203246879,-0.14917254952145487
-1.3621184303977272,0.6753451772836538,0.7052805171990246,-2.7705457733898626,0.9594158187685277,-3.9807597347629797,-4.955018248739122,4.803846571180555,0.485595798417984,0.6748328830884851,-1.477987805252555,-1.8177389302603355,-0.16375785435794704
-1.3633410866477274,0.6844793231670673,0.6873367025245051,-2.7082558608636624,0.8523603477025692,-3.965599869497743,-5.0025715888301026,4.795706717459647,0.4818489735802108,0.6578731181458657,-1.443769634894605,-1.8226701138358035,-0.14517854995958035
-1.3310622336647728,0.7063209416316105,0.6846408251649845,-2.7173058114400725,1.1200539811326582,-3.985166390378104,-4.979314490209652,4.7999861433699325,0.4788937475604996,0.6648460056470789,-1.481979082215507,-1.816942902325468,-0.15114568151376037
-1.3511314808238637,0.7075266676682692,0.6948130352896933,-2.703007395674543,1.1533876682929842,-3.9618097194789317,-4.9284946103639244,4.843054235876502,0.4869167497621487,0.6493319398868158,-1.501529909529776,-1.816871488336096,-0.14149449743172912
-1.3581247336647728,0.6749763840895433,0.6812195866744711,-2.6937769447884907,1.043849200222332,-3.9903952983916477,-4.923145921924446,4.805222703171922,0.4862486030048546,0.6682445455041731,-1.508301740922268,-1.8248351955562598,-0.15429875353671993
-1.3521242897727273,0.6777322152944711,0.7094617097274117,-2.7062945482207508,1.1891626652050395,-3.9882959462001506,-4.939738599559929,4.819736240146397,0.4773897383940769,0.6545957008503979,-1.4852646161925118,-1.8198836351891576,-0.14862873042818284
-1.3527063210227273,0.6875220196063702,0.6819259927879949,-2.7209403805616423,1.1365355962821146,-3.9747122484010533,-4.944305806220332,4.828811966263138,0.4892522855069282,0.6824050808545226,-1.4733328189489976,-1.8126165476306553,-0.13705967560275445
-1.345686612215909,0.6500176062950721,0.6881982554560122,-2.7532116029320695,1.2252256129570158,-3.9778256384029347,-4.9603441455696204,4.791385868290165,0.4958350295484485,0.6593937844223117,-1.5004863619054638,-1.816991654275546,-0.14736536262258662
-1.3701102627840909,0.6903648024338942,0.7179912780382618,-2.805736262623857,1.304639057868083,-3.9561825444413095,-4.9315031027492084,4.824256140906532,0.4657237330607192,0.6492225220484763,-1.4988040564195164,-1.8250831449273597,-0.13871994479545294
-1.3416736505681819,0.6783567457932692,0.7063832727278242,-2.672271356350038,1.2075403748764821,-3.96688284777088,-4.9851819774772546,4.813705673446885,0.47765551052644417,0.674576753414936,-1.4697478672243514,-1.8206872806162246,-0.15063000589699183
-1.3465015980113637,0.6615758807842548,0.6995400375460986,-2.7601474668921493,1.2357605221714427,-3.948365635581264,-4.972330986698972,4.81750048388232,0.4927643084321331,0.6372475002122961,-1.4596245723700374,-1.8162893214947349,-0.1582852965755405
-1.3604801136363636,0.6457307786207933,0.6862666917883832,-2.7443821604658916,1.3411099038105236,-3.956391230483446,-4.943478354924841,4.774468315972222,0.49034234195086845,0.6690376708226174,-1.4959693764740567,-1.8175721071811624,-0.14557933519253918
-1.3302526633522727,0.6694722806490384,0.7113938420455649,-2.7038354641053735,1.1682729125494071,-3.941218873448081,-4.995195992385285,4.796559010182057,0.47765994165020004,0.6425508297748447,-1.4970829801739387,-1.8180967619564157,-0.1385865917378682
-1.345705255681818,0.6710775991586538,0.7139406381926922,-2.724452321122332,1.047610895812747,-3.983554584626599,-4.9789888406101666,4.825347075591216,0.49328861043008393,0.6673404859459918,-1.4964497884114583,-1.8095840239859595,-0.1392638330373159
-1.3381154119318182,0.6799008413461538,0.6838898273728649,-2.753043011921208,1.2198039541131422,-3.9936659377351393,-4.9239726006230224,4.799849409956832,0.49829254031274395,0.6808699139897127,-1.4866275427476414,-1.8156166969335024,-0.13510145665655685
-1.3725993430397727,0.6746108774038462,0.6848715077275815,-2.737009560189596,1.324903501729249,-3.9783014278828066,-4.959445615357991,4.825068476679805,0.5077133476501513,0.6607115846242964,-1.4589642218823702,-1.8286300397328392,-0.1505480648167544
-1.3488883167613637,0.653250967172476,0.7050167107434007,-2.667353932450457,1.2396351207386365,-3.9879064968961626,-4.953671226018591,4.813030071086712,0.4971436880976776,0.6696396821774311,-1.4728311022872445,-1.8210974825711779,-0.1517611500719883
-1.3561791548295454,0.6773257211538461,0.6937928762495148,-2.7000375142911586,1.1644225350481718,-3.9767752274971784,-4.925814085368868,4.82422974732545,0.49359621618242583,0.6622960819220691,-1.4792873934379913,-1.8172022779348673,-0.1387901536647647
-1.3595106534090908,0.6536213566706731,0.6836924108659258,-2.7670256451862616,1.1441031836709485,-3.949655961954477,-5.005272973941851,4.83203051684497,0.4686503711852313,0.6755462551709288,-1.4834546742949095,-1.8019625326028665,-0.16567117281910876
-1.3824451349431819,0.6314717923677885,0.6961239169103018,-2.743035293206936,0.991314383646245,-3.9931956593303237,-4.977733370624011,4.782662789742868,0.4740661096982338,0.6763744472716906,-1.4742660042624804,-1.8149328365712754,-0.1476432362351893
-1.3437683771306819,0.6567626953125,0.7031340984083851,-2.697178538252668,1.111591179286067,-3.9526356165349887,-4.9444947061659414,4.812086867140578,0.49852495990071233,0.6575667102884802,-1.4774722693101414,-1.8252353043340483,-0.15697251057696845
-1.3483825461647727,0.656130840594952,0.6897553627535423,-2.768023235041921,1.0398574527544466,-3.9761495367757713,-4.996850894976266,4.811241905968468,0.48466145070989464,0.6728144580533045,-1.4602147708149076,-1.8223341824297972,-0.14494457417744525
-1.3577388139204545,0.6585570350060096,0.7059691055961277,-2.7859117461413874,1.0327891474184783,-3.9627278645833335,-4.9349983311906644,4.803311734586148,0.48828267939475994,0.6557332388362529,-1.4620554222250886,-1.8188819349648986,-0.14871868122020157
-1.342803888494318,0.6822042611929087,0.6972505083735685,-2.7493501988852898,1.2379883777482708,-3.9622777934537248,-4.925738757169699,4.790476022897898,0.4627866603544594,0.6657145719350495,-1.4963035343578026,-1.8225623263211779,-0.14466691953538047
-1.3435747514204546,0.6936534705528846,0.7020082651458172,-2.695114321824981,1.278412950839921,-3.953003388943755,-4.971997997428797,4.820986269472598,0.5034377420441793,0.6552351009771691,-1.4376293638217374,-1.8227988494539782,-0.14736822076434455
-1.3860846058238636,0.685696270282452,0.6976415029964091,-2.7259313071646343,1.0255837180397727,-3.9921654556997743,-4.9916930379746836,4.838413731113927,0.47251169054327674,0.6653990182817352,-1.4948603792010613,-1.80896300793438,-0.13242879446899783
-1.3413041548295455,0.6222703669621394,0.6820175455223699,-2.728264413228849,0.9006536792860672,-3.9857696693942812,-4.920744304415546,4.837338559262387,0.4788300918471897,0.6648048258716275,-1.4544685411753144,-1.8120459974648986,-0.1446479036728781
-1.3405162464488636,0.7190907639723557,0.6976265759201523,-2.704020058236471,1.033005882534585,-3.957542677765237,-5.001094769827927,4.829537789742868,0.4993509594859973,0.6695638621075554,-1.5027536836060338,-1.819262428700273,-0.1361748732829022
-1.3644672407670455,0.6829841026893029,0.7007398901518828,-2.711777477729611,1.1287528177495059,-3.961179987302483,-4.972841673259493,4.801155892220345,0.4703088979252049,0.6737656682174399,-1.4858319744374018,-1.8182100721528862,-0.1538356077995185
-1.3451956676136363,0.6766588416466346,0.7062868864639945,-2.6885201058736663,1.2392526015933794,-3.993593558949398,-4.962328174446203,4.824371979401277,0.47848684651883294,0.6816150831139606,-1.4588673909505208,-1.8220325297386895,-0.1545005752240783
-1.3720163352272727,0.6595952899639423,0.6670573927600931,-2.79937204500524,1.0540890177248023,-3.9749010945729872,-5.017048123516614,4.835672097879129,0.49496605282738093,0.6548265729631696,-1.474122053422268,-1.8230528928188376,-0.15028674076691134
-1.3462503551136364,0.6690566781850962,0.6989007795819585,-2.710154091439596,1.2401264899333004,-3.979368739418736,-4.95925401132318,4.809639229072823,0.46848313199831676,0.6689317122749661,-1.4937830511129127,-1.822459299739177,-0.15292269657745822
-1.3062183948863637,0.6334376408503606,0.6869641890436966,-2.731932477253239,1.0061797492588933,-3.9781732035364934,-4.957195040545886,4.815034516938814,0.4888653959919009,0.6402204999272127,-1.4704032274162244,-1.8265994067497076,-0.15444311274502573
-1.3601713423295454,0.6709834641676683,0.6984959004088218,-2.7603052651009907,0.9066778733325099,-3.9527315092409707,-5.0193759580201744,4.83179810670045,0.4813256245120999,0.6652667596473457,-1.4734626626068692,-1.8112920561744346,-0.15476770775555845
-1.3928384232954545,0.6851488318810096,0.7137389094192789,-2.714381520341082,1.1801089079483695,-3.966086313722724,-4.9823670206190664,4.847689975131382,0.49883604384697017,0.6669150405789014,-1.4742122626154677,-1.8152434398157176,-0.14344041945350855
-1.3562785866477274,0.6522013502854568,0.6987297105493012,-2.7633198063548017,1.2719364693984683,-3.981687799802483,-5.001306847680973,4.827666778106231,0.47302041213834406,0.6640750576990732,-1.511244479965114,-1.8226680190254485,-0.1627485269506172
-1.333156161221591,0.6791722224308894,0.6902056391935171,-2.741151018840511,1.2799771878087944,-3.9818527646491724,-5.005418222161788,4.823636624906156,0.4846087536897443,0.6677291585791926,-1.4778725486131583,-1.820090069227769,-0.13739002147109847
-1.3753464133522728,0.6344643930288462,0.673550718319342,-2.676558703911014,1.173197991291996,-3.976632306950715,-4.9757698155656644,4.823793886660098,0.48638534843689013,0.6561903864700601,-1.4817278400157232,-1.8228670260091653,-0.14723945456329068
