-1.5818121812158337,0.43333636179827306,0.4834240279744193,-2.6573533178640307,2.0712239210029626,-4.2183312572561915,-5.585173120103192,2.0121084296345595,0.3959117959613449,0.5240900570976915,-1.5696932939593302,-8.888474502636624,-0.6747949652945583
-1.5643717130149355,0.45556584252333077,0.4999413200110386,-2.630074169780617,2.0966688616924696,-4.191211239841332,-5.5432079919501245,2.033394088818974,0.4130006567832151,0.5404874582303465,-1.5547332909688996,-8.34157103906999,-0.6453178047373381
-1.5316365639337661,0.500399823140153,0.5039928639134191,-2.5938053730713597,2.1197597491996367,-4.151529695965557,-5.481283889499331,2.056758039387706,0.43164858203724116,0.574328798413803,-1.5300405577153111,-7.091630213326941,-0.5873196578085733
-1.48398338356599,0.5665392894939388,0.5262495463080725,-2.538684870720829,2.1543836681120987,-4.056700337412925,-5.360008002102044,2.085638764520813,0.45897042678177724,0.6304145881827126,-1.4985611356160287,-4.571139441514861,-0.49982028078484436
-1.4171232665157654,0.6711096470920723,0.5552224627747648,-2.461103242526519,2.2194491978449924,-3.960714523268189,-5.214634739871967,2.1104455318247823,0.48886417318706865,0.6820369492704934,-1.4460361842105263,-2.8547811301534036,-0.4042687466774599
-1.3751445205730184,0.7110802168017606,0.5721405785059512,-2.4183695455641274,2.246184649452886,-3.902575796971749,-5.155053043784636,2.1453627934414325,0.5066156211806221,0.6991615698190632,-1.3985896381578948,-2.3025032957814,-0.3307249820280785
-1.3536086672686451,0.744131041646623,0.5821276595345796,-2.375178549903568,2.2806751122897553,-3.8943585375145124,-5.113261841916683,2.172538646539206,0.5227128947439369,0.7095281491469092,-1.3596944153708135,-2.1136832978787155,-0.2895779892666852
-1.3339996278309254,0.7556041007732827,0.5899744676431417,-2.3303549903567986,2.3219688485521788,-3.8678617211687305,-5.084920815020065,2.205388961156825,0.5353198841305599,0.7169959745152621,-1.3224142120215312,-2.0602622393336527,-0.2544786566441741
-1.3231891839125343,0.7763244852048057,0.5947132517037819,-2.2887718855472516,2.3262676274010894,-3.8661432886271285,-5.0578778903114845,2.2420298130445304,0.5347269444377876,0.7149704837780764,-1.2928353020334928,-2.032240981543624,-0.24040300334972453
-1.308265337484137,0.7930919242772273,0.5924626022869073,-2.266485354387657,2.350411044712825,-3.859635013544892,-5.041035406315689,2.273280947483059,0.5355842449913727,0.7259295810136303,-1.261295230263158,-2.0275542305848515,-0.22669209794244152
-1.301057993551103,0.7995226362564941,0.6015299260444663,-2.233800363126808,2.385466316059824,-3.846949149211494,-5.008929584487865,2.309697936834463,0.5328046646586225,0.7186097679497024,-1.2491632401315789,-2.019774313878236,-0.20988094168338006
-1.3062888565867825,0.8170985063498172,0.600320190265646,-2.218410604508197,2.3832369463159404,-3.853961200536958,-4.997721416372062,2.3428967131534364,0.5380455906405771,0.7176693883182953,-1.2389486767344497,-2.006994921500479,-0.20184549169062924
-1.2926559716358357,0.8225068060599865,0.6023301204945767,-2.2020182919479265,2.407922773915329,-3.8448796227989552,-4.981928835037263,2.378765579622459,0.5342898690627397,0.714197754562416,-1.2277097039473683,-2.00446578379674,-0.18751444172264645
-1.290530394316185,0.8307231222640465,0.6065622037879151,-2.184808944069431,2.426428185325879,-3.8378842002467106,-4.968052428697688,2.412292397749274,0.5328937366696224,0.7121901209145229,-1.2228932416267944,-2.010718030920422,-0.1748733210789496
-1.3010558962868508,0.8334749539999038,0.6085368885282684,-2.1640103287729024,2.435027982845948,-3.8400984725715945,-4.960983407581693,2.4454875816795743,0.5273868116133053,0.7203380623530188,-1.211909576854067,-2.001060267857143,-0.17632613006007758
-1.2916270728597228,0.839421518724745,0.6209310208293338,-2.152792949915622,2.450639543912462,-3.8270637819272446,-4.94160182376266,2.4777839121490803,0.5332448760424655,0.7294302266809848,-1.2079826741925836,-2.0030912931447746,-0.16466467499894283
-1.2985528114017961,0.850602097664518,0.6279907578080006,-2.1449810149469624,2.477660759508792,-3.8393754988631965,-4.936288487722148,2.5101630566311712,0.535274622630488,0.7169503241085141,-1.2141279156698566,-1.9904145194151486,-0.15690611908059274
-1.288360965107624,0.856809479928324,0.63460448937536,-2.129970392357763,2.5013071229333907,-3.83781201625387,-4.91440587378177,2.537629704138432,0.5378012627911714,0.7209672318193271,-1.1966252990430621,-1.9846910953978907,-0.1567761081803958
-1.2724220427811401,0.8607269105072638,0.6452281920414187,-2.1148501536885247,2.506445088517775,-3.827738003095975,-4.902108613605962,2.570835854307841,0.539400533664446,0.7202682744108754,-1.1971209629186603,-1.9706023789549376,-0.15075527849682244
-1.2692342011177276,0.8622584619131229,0.6642298223327414,-2.092685480954677,2.522948098838876,-3.824445505998452,-4.904745873542901,2.5987967388673767,0.5609889586278998,0.7170538577312104,-1.203330592105263,-1.98465476689837,-0.14602018688533008
-1.2542032988822724,0.8611022585145276,0.6840331937511999,-2.0633198604749277,2.5537393085818043,-3.835459044843266,-4.890707111121728,2.62587049249758,0.557697225933426,0.7206831588056729,-1.1929368832236842,-1.970481596057047,-0.15093299191716605
-1.2543390490775088,0.8631401304238022,0.6865827736549721,-2.0719077718177434,2.5643202288799696,-3.828169217419698,-4.900702274030193,2.6518912981001934,0.5786335014858128,0.7196903796314071,-1.1844782633074162,-1.963585360738255,-0.14227267784651074
-1.2436528204009665,0.8679257000733597,0.7030635078709925,-2.0449053007473483,2.588728131868788,-3.829351749951625,-4.894106884793618,2.6822668350677636,0.5700398076531346,0.7119007985727827,-1.1927655876196173,-1.9562294013662511,-0.13665273575309902
-1.2372205109393304,0.8815659124254378,0.7137557330161739,-2.033950473119576,2.6075015753416477,-3.8337772711880804,-4.867529007619912,2.7059641214908035,0.5810885751174272,0.7091934107434248,-1.1794903184808612,-1.9625887613854267,-0.13806336404920985
-1.2398555328118899,0.8859201372185876,0.7228389453649933,-2.019958037005786,2.609923009843272,-3.814588422745743,-4.870680581764762,2.7357147719022263,0.58778208165081,0.7225117997396333,-1.189362664473684,-1.9509100850910834,-0.1353245338249686
-1.2225382312207145,0.8959893290299692,0.7174120775040794,-2.011647179363549,2.6426354271191705,-3.8329756887335527,-4.866116323093828,2.7628053530372703,0.6029330762617428,0.717568479359642,-1.1817237963516747,-1.9366588267018217,-0.12953649432751788
-1.2112542822322823,0.8921885898715605,0.7184491010150701,-2.0058868731918995,2.646559595697152,-3.831233068885449,-4.858303823093828,2.790877979791868,0.5959826510376726,0.7182156933912459,-1.1771075059808613,-1.9360610918024928,-0.1303389892342149
-1.2115451346519914,0.8794947806426785,0.7239261187068056,-1.979402912548216,2.659501848599962,-3.839333549003483,-4.8586800413242885,2.816489820304937,0.6075241931377013,0.7194597372786283,-1.1648759905801436,-1.927678945949185,-0.12417727016328775
-1.2216596681594103,0.8900577030618626,0.7276465331187608,-1.9769744078471552,2.661309011850153,-3.823674535603715,-4.8579481326437985,2.8449680088334945,0.6203229471218367,0.7195167768525629,-1.16879822069378,-1.9248363344918504,-0.11779096106738111
-1.2354634801469153,0.9071468891307485,0.725520695850931,-1.966488744575699,2.6669044611286314,-3.8288290773751936,-4.855571762134531,2.8762809701718295,0.6077365992259394,0.7186141267667738,-1.154957853618421,-1.9187870775407478,-0.12344235874296225
-1.2171969758212124,0.9059994234955263,0.7271282557082693,-1.9564752591610415,2.6856482269567086,-3.8317485608552633,-4.836736963739729,2.902913616287512,0.6172368336308953,0.7242873849647246,-1.1464682079844497,-1.913004292006232,-0.12341237800991929
-1.20851554110943,0.9107382038315375,0.7426939664222979,-1.9662239332208293,2.694236078758123,-3.8333207357778636,-4.846060308379514,2.9346756262100677,0.6192452834427722,0.7172589564785707,-1.1445465759569378,-1.9034753640340365,-0.11761959539767784
-1.1990353347081217,0.906476148348807,0.7313604327396094,-1.9468039943948892,2.7060752192039375,-3.826528259844234,-4.829434299159182,2.9582201415779283,0.6143128564752685,0.7163955826154252,-1.1495766671650718,-1.8982391913350911,-0.11739810845526048
-1.2129367648135494,0.9099260616100635,0.7389145908073766,-1.9317517478302797,2.7065541678612384,-3.829785609761997,-4.84615697556373,2.9908110479186836,0.6303821399899349,0.7221380194585093,-1.1550439219497608,-1.896611712008629,-0.12133954245602165
-1.2060146488188208,0.9199898040636425,0.7347281579207862,-1.9373768231677917,2.7220186472668195,-3.8291385993130804,-4.842999056468565,3.0139517031703775,0.6236407508148006,0.7201659125131983,-1.1396940415669856,-1.8874059953259827,-0.11438962861552775
-1.2016898039401114,0.9188699610352126,0.7407667131107218,-1.9190893954918034,2.728499946244266,-3.826878597861842,-4.8243452757739345,3.04700886374637,0.6268786564926428,0.7274135473159435,-1.1315168024820574,-1.8822525916826462,-0.11673419037248695
-1.1896634234063843,0.9193047822060805,0.7513603258782876,-1.9373261586909354,2.7301447223814983,-3.8300796367066563,-4.833900397716415,3.0755110645571153,0.6268762693814705,0.7240440879817384,-1.1271372233851675,-1.8748430758628956,-0.11323994242566572
-1.192182047112944,0.921723733343756,0.7629552479782588,-1.9230640142839923,2.7186688064435205,-3.8147305231714395,-4.8225067331119815,3.0985505657066796,0.6425102561529429,0.7290420576166251,-1.1389970843301436,-1.878565061720997,-0.11801769847268873
-1.1848447681264642,0.9233411591122282,0.7395207007253072,-1.923910431231919,2.723345741948586,-3.8107365941853715,-4.831703551977833,3.1291654692037754,0.6410344129691095,0.7336355477748848,-1.1257048071172249,-1.8680301713806329,-0.12196769839717644
-1.1760578028907165,0.9139070993481816,0.7348971675375552,-1.9193140896215044,2.7605622551127675,-3.806488320554373,-4.82467260056373,3.1581569911665053,0.6498408873388373,0.7297379216710261,-1.126932098534689,-1.8671202735498562,-0.11321292318966872
-1.1826053665560328,0.9126170108656436,0.7516596781861922,-1.9170937047974927,2.7440133284355888,-3.8219156649090555,-4.830936932686796,3.1779707163601163,0.6542296614383627,0.7446988347991457,-1.1202687649521532,-1.859956068732023,-0.11556101278573845
-1.1816818076434987,0.9233166370021166,0.7558658897911067,-1.8992709212270973,2.749963042932913,-3.818982953995743,-4.832077530814065,3.2043290174249757,0.6503439125107842,0.7378018269911452,-1.126281306070574,-1.8592220083293385,-0.10907356443613474
-1.1755040297979304,0.9247624079998076,0.7501903818811192,-1.8987957298698168,2.760515965452982,-3.810303868154992,-4.8139305996799155,3.2244879900774444,0.6654435608284605,0.7420078511200566,-1.1103691312799042,-1.8528868048897411,-0.11202506790441354
-1.169708335367044,0.9095641490884164,0.7455444453110002,-1.905149130605111,2.757430050351204,-3.8188544589299536,-4.818966624068412,3.2469551669893515,0.6648193546599406,0.7474971484899933,-1.1125278483851675,-1.8516748561840843,-0.11560047974836289
-1.182393161545783,0.9222728970740331,0.7551704006887119,-1.898790456243973,2.762702218618597,-3.821276968846749,-4.817455032963883,3.2784963395450144,0.6727753621668904,0.7500329957765406,-1.1064893279007177,-1.8465899898130393,-0.10974729911469408
-1.1775136856025479,0.9288439769939388,0.7548833749280092,-1.8955159112825457,2.7763026059585245,-3.8128106557178794,-4.824217257070514,3.3073738504356243,0.67231577305706,0.752579107374256,-1.1129132401315789,-1.845141344079578,-0.1113625538780084
-1.1695485619631003,0.9274034674451607,0.7562340926611394,-1.8920918213596913,2.7657112331565368,-3.820916804735875,-4.835897564136251,3.3303091723136498,0.686589059654189,0.7643003883002976,-1.1073822517942584,-1.84089128415628,-0.11187518783678475
-1.1694167203057888,0.9233684059012411,0.7688704908271741,-1.917426319913211,2.768904286422496,-3.814823115204141,-4.824475907103956,3.3630785636495646,0.676327664427962,0.7458548118340852,-1.109481534090909,-1.8376144160474592,-0.10807526855940702
-1.1704974787070481,0.9230766773499134,0.7594755058852467,-1.8847953833172613,2.7728219221855888,-3.8079633683243035,-4.8262722745079305,3.389506065464666,0.6708619287408935,0.7524357351009071,-1.095555752840909,-1.8373247243528283,-0.10111755571673231
-1.170929038492044,0.9158228304791226,0.7641899180654876,-1.889766905737705,2.767174956995413,-3.8102490687887,-4.82839820609593,3.4134820456195545,0.6823097650258819,0.7614774683840468,-1.087970058313397,-1.8356579203619368,-0.10851128115636478
-1.1706847072066575,0.9188056961949201,0.7525493924277692,-1.8888524966851494,2.7859106967937692,-3.8034082182420668,-4.833248733995796,3.4398588758470474,0.6763606159233608,0.7580552345549769,-1.0943639727870813,-1.8369164968839884,-0.10734475808887493
-1.1611483513215053,0.9195485000360785,0.7394118240365233,-1.8874188238307619,2.778564079821292,-3.8091802921826625,-4.836793695060195,3.4675096805421104,0.6889676989221866,0.7538409146129296,-1.0915840871710527,-1.8329945170182167,-0.11246260254566982
-1.1511906359820383,0.9330155543462575,0.7621886586016989,-1.917523505303761,2.7998336185373662,-3.8092105263157894,-4.832068573237149,3.4982938044530494,0.6875014977952454,0.7667567926305433,-1.0942345432117224,-1.8327323525886865,-0.104813362444574
-1.1734289774807205,0.9311353379954782,0.7672248264722116,-1.8857201512777242,2.7832546409116974,-3.814639820772059,-4.820740224297726,3.5230718326476285,0.6829430047719757,0.746234310133303,-1.0913122383373206,-1.8332372063758389,-0.1057445113902716
-1.1606287064379148,0.9266794544929767,0.7594428850607122,-1.8834404381629701,2.767541914540329,-3.8061969390963624,-4.820952220284732,3.562644451839303,0.6848093044538439,0.7616670066231522,-1.0998508522727273,-1.827711154721956,-0.0997598568060724
-1.170380603890082,0.9232925846642294,0.761886353546746,-1.9015154140549662,2.7961993202886086,-3.8066572537732197,-4.820325563133002,3.5914580560261373,0.6847653067185103,0.7660127003743521,-1.0950071022727272,-1.8286631861217642,-0.10036401400224121
-1.1565013857196895,0.9141667894338079,0.756809878335573,-1.8994982521697203,2.787009889561831,-3.8142588706946596,-4.8331878971192435,3.615678318610842,0.690751526253355,0.7628127662159243,-1.09081115430622,-1.8280253775167785,-0.10017807682316837
-1.172700845464418,0.9191753129810467,0.7607789796656028,-1.9003631268081003,2.786178542204224,-3.8006062699545278,-4.830215847745079,3.642372413480155,0.6823796465353,0.7657113326994145,-1.1070938621411484,-1.8316316365052732,-0.09982795943933646
-1.1666089601229988,0.9240859359967288,0.7578794758020974,-1.8793147676591129,2.803503380638379,-3.8073934549148607,-4.827590531244028,3.665675671587609,0.6933003993122124,0.7591107713212709,-1.0900499962619616,-1.8256951102588685,-0.10609478215841267
-1.1471650325800469,0.9192437118169136,0.7623290781279997,-1.886276518804243,2.815839015015768,-3.810347707648026,-4.819849318626982,3.6968356727976768,0.6934313159778805,0.767194642835717,-1.0790980113636364,-1.8289204817833173,-0.10107892646841171
-1.1741841832719153,0.9236609800425727,0.7691590163959013,-1.888226630303761,2.7682825490969036,-3.8090302552970203,-4.826869819534684,3.7239086701355277,0.6909601878534797,0.7674270193415242,-1.097973235645933,-1.8293946248801534,-0.10482280147898343
-1.1515251496302714,0.9226194010667211,0.7617254991361105,-1.8992528402242044,2.779626875477829,-3.814230904121517,-4.819060305393656,3.7527839121490802,0.6859480969013612,0.7607992739429353,-1.070848908492823,-1.8264977079338447,-0.09858792989138314
-1.1517468876598496,0.9288676535140465,0.7612375928381168,-1.9023561806894889,2.7869966372801986,-3.813416850087074,-4.821140329399962,3.7752919288480156,0.6917820093821894,0.777137995086629,-1.0925173818779905,-1.8247906429769896,-0.09930647638580127
-1.1578808136165073,0.9233819353413026,0.7689306706241601,-1.8911261827989392,2.7933317878559825,-3.8160759420955883,-4.813456967800497,3.803448314980639,0.6993742866750143,0.7616476497258351,-1.0826685855263158,-1.8262183155560883,-0.10108375217475353
-1.1440141790316283,0.9269785114910044,0.7739200632319063,-1.9063999216489875,2.8083309441896023,-3.8175691303453947,-4.8224014815832215,3.836439678121975,0.6966585498645993,0.7791538776786572,-1.0840060556220095,-1.8274748322147651,-0.09628613285969517
-1.165222382461685,0.9167075055320377,0.7656286089130592,-1.8845064639585343,2.7855108885225537,-3.8142634058146285,-4.8223585598605005,3.868154041626331,0.7010923982397911,0.767070252507679,-1.0860453424043062,-1.825107861936721,-0.10347983926079524
-1.1487730622803591,0.9316901389924476,0.7722740707939384,-1.8827333956123433,2.7985444141819573,-3.807429357947949,-4.828041022716415,3.888985358180058,0.6985038336069306,0.7720360231390382,-1.0884443219198565,-1.824889329158677,-0.11026394466309443
-1.1508250446907946,0.9180868507372042,0.7763546266077942,-1.9003149108003858,2.809332518038035,-3.8077702477989552,-4.830617445776801,3.9131901167715393,0.7007894691514092,0.7742602384394798,-1.0979564144736842,-1.8251683470158198,-0.10305820939251885
-1.1469760881369582,0.9175364655991437,0.7821801621892398,-1.9059573137656702,2.793937659773987,-3.808266465508901,-4.82225554772597,3.937568822604066,0.7041017497244056,0.7746095062332021,-1.0779880008971292,-1.8254557915867689,-0.09476126275024768
-1.1423536223948165,0.9193548599251973,0.774136598015454,-1.8899422537970105,2.8133139887351875,-3.811780805558243,-4.841461339098032,3.9691761707405613,0.6945166558575776,0.7682768949324487,-1.0949967292165073,-1.8258310612416107,-0.10075541536282138
-1.1547132772842639,0.9209110273956128,0.783865477718852,-1.8934482732642237,2.804184286601682,-3.8043715533088234,-4.837032563777948,3.99260686410939,0.6995481713417849,0.7729345956217604,-1.0975476599880383,-1.8241805488974112,-0.10700214473739851
-1.1434364780603279,0.9392024545410814,0.7748541624172106,-1.9018320199493732,2.7964822844992354,-3.8158049686774382,-4.8381522608924135,4.022463773596321,0.7086507411090874,0.7720034023145037,-1.0850799005681817,-1.8237142707334613,-0.10197451385197177
-1.1458367016668294,0.9354759393941217,0.800630800507535,-1.9110774394286403,2.802627610139526,-3.8001160990712073,-4.822607132619912,4.047397598015489,0.7068949506326687,0.7842180263426282,-1.0894686378588516,-1.8243399074185043,-0.10450829285246109
-1.144688449488725,0.9319938937127189,0.7840608277140526,-1.8829852112463838,2.7874169772553516,-3.823426615712074,-4.835634435314351,4.075901122337851,0.694489087063842,0.7639728677229315,-1.0878101637260766,-1.824211072327421,-0.10871169545446308
-1.1411725766302225,0.9374648610376178,0.7874389578133999,-1.9105280406219864,2.80497718367737,-3.8057441829527865,-4.82104216928626,4.101241075750242,0.6993727420736675,0.7745423429551017,-1.078197144138756,-1.8234109090364334,-0.1005545173142096
-1.1414429330583757,0.9313587616653839,0.7775630969235938,-1.8984422085945034,2.833168706398127,-3.8160249219959366,-4.826270781578445,4.1278224830590515,0.7079805245428729,0.7682177931224803,-1.0841518391148326,-1.82221225581256,-0.09159964637601488
-1.1347911734918001,0.9362697604988455,0.7844936160671434,-1.9020806337391514,2.79843279637328,-3.808976967637384,-4.836420835921078,4.153707723257503,0.7054933887317868,0.7620763604758591,-1.0901824162679425,-1.826588716442953,-0.10115650353246423
-1.1368384847227646,0.9322244579204348,0.7894661358346131,-1.8939588732521697,2.8214439835387997,-3.8149047473635838,-4.824547567719281,4.181949570425944,0.7024235169580377,0.7813051648139038,-1.096293735047847,-1.8230217821188879,-0.102640130960939
-1.1308976977377,0.9274883083088801,0.790443354500624,-1.9098624337029895,2.789283869098815,-3.8123322005611455,-4.830009077011274,4.200056343780251,0.7124373547138612,0.7634898358010175,-1.0981892008074163,-1.8222240532118887,-0.1038944488472296
-1.1179305035264544,0.9331997990126515,0.7855002215966357,-1.879474106497107,2.807378459778765,-3.823249746033282,-4.834088880064017,4.234427940464666,0.7144898022610717,0.7583840205953638,-1.098167239832536,-1.8255241415987535,-0.09392197330754337
-1.1327471988176006,0.9357974515044737,0.7918967622144365,-1.893595181412729,2.797377466790902,-3.8115506482198143,-4.8310847327059045,4.255567446151985,0.7068599396688076,0.7688104516371904,-1.0997162828947369,-1.8226448271212847,-0.09258597237723214
-1.1205170023306326,0.9338363403766596,0.7833588706895518,-1.9162145160318225,2.8327828970159596,-3.8135665090460527,-4.8293174774269065,4.282845776863504,0.701204966913703,0.7641959641665866,-1.0987336460825359,-1.822278171440556,-0.08906308286037479
-1.1372637527150038,0.9383729307473061,0.7910186246160491,-1.9191622845347156,2.81246901579224,-3.8255687040441178,-4.835615400463405,4.29602833071152,0.7023368788643117,0.7636931535263486,-1.0852620364832535,-1.8229337697746884,-0.09665485104071017
-1.1258104019731061,0.935116657596931,0.7890602502879631,-1.9019951256629701,2.8174557933749043,-3.8233370470926857,-4.834380374546149,4.325369826960309,0.7206961040847872,0.7549271505747265,-1.1073979515550239,-1.8224854686001917,-0.10605612931250605
-1.1232227592066089,0.9230540343286993,0.7871801471911596,-1.9028517131750242,2.8056054538178516,-3.8130744485294117,-4.830589080116568,4.348239351403679,0.7067646892524204,0.7538949077018142,-1.1063194340610047,-1.8261158841682645,-0.10046400877301614
-1.124565770969592,0.9255451424800366,0.7965393242165003,-1.8980088295564128,2.8086049491112384,-3.8257784533426857,-4.8372161941047205,4.369066130203292,0.7199703286761886,0.760240782929785,-1.0870231197667464,-1.8238277504793863,-0.09761675354039302
-1.12334239859918,0.9284852589234174,0.8004338569663083,-1.9067413889223723,2.8128751702264907,-3.8222898123065017,-4.838058206334798,4.384982302758955,0.7196587872651458,0.7580880428555145,-1.0943535062799044,-1.8201218690076701,-0.09318548084895431
-1.1065313956645353,0.9253418250613334,0.8060563560364273,-1.9050517568707812,2.8102331132334673,-3.813117910095782,-4.8370303243837185,4.414104852371733,0.7087840916920294,0.7493202120128624,-1.1045798444976076,-1.825023407538351,-0.10059226165305432
-1.1346232016912339,0.9143388200223687,0.7888278737821559,-1.8866360670805207,2.821907253440367,-3.8276178224167956,-4.825125331430346,4.443066311713456,0.7043484646849837,0.7645136891227923,-1.0978637111244018,-1.8205810312799617,-0.10314647616304007
-1.132822223679715,0.9337371244828747,0.7989961034987522,-1.9218271606798456,2.792236141473146,-3.8151020250822367,-4.8278200691524935,4.450119494191675,0.7092933888815663,0.7599262919346323,-1.0939354066985645,-1.8220369801653884,-0.0972628310458148
-1.1073367451373974,0.9278627167716952,0.7961637160443463,-1.922386918394407,2.81236150432435,-3.81721728062113,-4.839086461518249,4.468712941674734,0.7125170186984758,0.7510519747222355,-1.0956764914772728,-1.821721446548418,-0.10665731321283588
-1.12515414892254,0.9258446692502886,0.7937171542042618,-1.9103971416947927,2.800507618382072,-3.820178336034249,-4.82401571158991,4.494809943731849,0.7142598438848016,0.7599445708449318,-1.094469572368421,-1.8202780441035475,-0.09161110300402933
-1.1251316509969251,0.9385464646069848,0.8061529999160107,-1.9138304604628738,2.784666662187022,-3.822809839396285,-4.820310260605771,4.51605230517909,0.707595544358704,0.7656570583965252,-1.1040282969497608,-1.819382565316395,-0.09698355361522569
-1.1142233983002245,0.9219356006169425,0.7925885486657708,-1.9037489829435872,2.8131904252078557,-3.843631331027477,-4.847010557997325,4.522094324782188,0.7102852101706288,0.7571280251127855,-1.1034369392942585,-1.8227307796021093,-0.09818441706977636
-1.109643354494094,0.9175228422046373,0.8059073126139854,-1.9041603257594022,2.810285002448872,-3.81350339529315,-4.820587945490159,4.541749606727977,0.7128360490857458,0.7557330161739297,-1.0872749700956938,-1.8249704128715245,-0.09187335477630243
-1.123379005393401,0.9138800404680585,0.7905981159411596,-1.9084163301591128,2.795844681766055,-3.832406909104102,-4.830335282103956,4.553783730638916,0.7209360321606595,0.7532805488397485,-1.1089008298444976,-1.8215952331016299,-0.10921043043507153
-1.119830052957829,0.9069905489344814,0.8016458893261662,-1.9217808281099324,2.80086057703794,-3.8225426452447757,-4.825391446111217,4.560054906824782,0.7088470458984375,0.7509911856282396,-1.087675874700957,-1.820420361936721,-0.10284441526314518
-1.1284286457316477,0.9300060055681162,0.8096612383614897,-1.9331895642478303,2.822190590954702,-3.8273846416650543,-4.828702763711064,4.591500030251694,0.6955837881638228,0.7496439362011662,-1.0944791043660287,-1.8223551354266538,-0.09568348000963536
-1.1144286442063647,0.9241104581068404,0.8021023933936456,-1.918360881750241,2.79838725332091,-3.8295131246371903,-4.83073501397382,4.612464454259438,0.7022389605001438,0.75366393726603,-1.0960419781698565,-1.8242378505512944,-0.09853827467099302
-1.112025656024258,0.9192237934746007,0.8000641542882511,-1.9108828803037607,2.8066008681551033,-3.8285422310371517,-4.845791954304414,4.629217842449177,0.7057259682497364,0.7496836342448167,-1.107062836423445,-1.8221060792186001,-0.1080949725437367
-1.105092291066722,0.9105486037617856,0.8002528488853426,-1.9207419238187078,2.8000878383624808,-3.825535446497678,-4.827862990875215,4.625861416989351,0.7100421928920628,0.7579674489165387,-1.1047442247308612,-1.8229435073106424,-0.10003436752428475
-1.12381151848033,0.9238968056992015,0.7944013478774716,-1.915143593297975,2.8142746858275993,-3.8197478775638545,-4.817297528903115,4.648656446636012,0.7230098700962184,0.7597755612281628,-1.1003461423444976,-1.8209960001198466,-0.10277738632004518
-1.112868851583854,0.9096682506133346,0.8001460813015934,-1.8977813102700096,2.783800224280868,-3.8198045665634677,-4.835276505470094,4.677178878267183,0.7133885483068922,0.7611892240293242,-1.091051977422249,-1.822627037392138,-0.09846488027906317
-1.103904190867825,0.9142536033408697,0.8021274214400557,-1.900972230593057,2.796228437977829,-3.8317364672020124,-4.826655957385821,4.672779903799613,0.7106245075998131,0.7481104293650412,-1.0918340684808612,-1.8227953844079579,-0.09714463663681919
-1.1203684778894962,0.9168149894169714,0.8046051980346516,-1.9237800973360655,2.81704758577026,-3.827205882352941,-4.831335171627174,4.667155357575024,0.6942287515277511,0.7587886875479939,-1.0959077825956938,-1.8230496839046022,-0.10170093523840736
-1.1131826785801444,0.899604226296421,0.7901638277800441,-1.8999001777965285,2.8377958058581805,-3.8375659859955493,-4.830912299350277,4.682489563165538,0.7061097314752685,0.7513760269935448,-1.1036275792464114,-1.8234629674017258,-0.1011778829454016
-1.1134150935913705,0.919344806799596,0.804772520367393,-1.9186200427917068,2.7969253960005735,-3.816558932372291,-4.836396575816931,4.71886306570668,0.70116494769699,0.7579376402320503,-1.0942466918361244,-1.8211989902924257,-0.10565560748492775
-1.111022877721105,0.9159968341110256,0.7979033058768478,-1.8994814895732883,2.804290678158448,-3.8323078923181115,-4.817162418784636,4.719643181268151,0.7012361865833493,0.763684389023205,-1.1007507849880382,-1.820245460810163,-0.0921158494696773
-1.1027735747754783,0.9146748011172311,0.7966049408175754,-1.897671505846191,2.8108809818186162,-3.826094777960526,-4.827010528138735,4.7108293501936105,0.6994366792082055,0.7472058576502207,-1.0700459778708133,-1.8214903673298177,-0.10492702021765658
-1.104973414315697,0.9053869344694054,0.8043534177625264,-1.9053192050385728,2.805421415089832,-3.8130736926760838,-4.838850205427097,4.738495280735721,0.7022240293537912,0.751456782281868,-1.1007341507177033,-1.8217559024448706,-0.11007938794280399
-1.1071681060254783,0.91042063780787,0.8022991494588693,-1.9065837451783991,2.7741660021860666,-3.828149565233166,-4.829247682973437,4.749434293320426,0.7060165873334452,0.7545643845087828,-1.0851131691088516,-1.821896347674976,-0.10408586066625991
-1.1195147006784458,0.9057934753523668,0.7907628136098579,-1.8986290456243973,2.813348519328173,-3.830020680147059,-4.839349963572521,4.754282883591481,0.6966066887042274,0.7536391904336245,-1.0988757849880382,-1.8233865651965484,-0.10162781811811328
-1.1092833876842543,0.8996447206621608,0.7886665506815128,-1.9207649017598842,2.804308970040138,-3.8293509940982973,-4.839579128248615,4.761298251452081,0.6976041267254601,0.7521131357686216,-1.0746347002093302,-1.8225272276486097,-0.10290091968287865
-1.1148370387543929,0.917913692695305,0.7969884229818583,-1.9036840043394407,2.8049965954701834,-3.8250399846410605,-4.830867511465699,4.769221170135528,0.6933641492223447,0.7516503512550393,-1.0775648549641148,-1.8241955297219559,-0.1083590059337546
-1.1184445239286411,0.9205176401349336,0.792964906741937,-1.9167543093056896,2.808130480098433,-3.8212361527670278,-4.826372674015861,4.76474165053243,0.6757007435055599,0.7565858445119025,-1.0890652100777511,-1.8244370955177374,-0.10628174583247753
-1.1063763887702558,0.9070388415191457,0.7938012371916394,-1.9222961366923819,2.8041424765863914,-3.8275067119775543,-4.840517434430537,4.769448435987416,0.6950993918202406,0.7473864907791803,-1.0741945462021532,-1.8218529032837967,-0.09584526505941306
-1.101801969445529,0.909116550113046,0.7876376823766558,-1.917282425265188,2.78284960638857,-3.8292939271720203,-4.834978292805274,4.761954335067764,0.6927757497214101,0.7443959673161835,-1.0850457909688995,-1.8206667965004795,-0.10744707722187319
-1.0891967439781824,0.902780638168655,0.7885845299301689,-1.9005853724686597,2.8069415077886086,-3.8248211651025543,-4.839268972147908,4.79017689678122,0.6903025621285468,0.7571154642205797,-1.0917363187799043,-1.8205409575743048,-0.10794262652836845
-1.1017721310950312,0.9273796030161632,0.8021573238625456,-1.9118925913090645,2.79255886252867,-3.8288075355553404,-4.838226907366711,4.79543048160697,0.6917981106810774,0.7574448595579766,-1.0781433163875598,-1.8210746494487056,-0.10256107904776
-1.0953790976730282,0.9172753661968444,0.7868811229662603,-1.8966320365236258,2.82163884807435,-3.82382570626935,-4.830581615469138,4.7958925762342695,0.6944669945839724,0.7587902810940199,-1.0844136886961722,-1.82203042605465,-0.10747541792268751
-1.0966337383468372,0.910305261749567,0.7885204131371184,-1.9003706605593056,2.791823080920298,-3.8172380665876546,-4.838160472004586,4.803709613988383,0.7028679408910085,0.7499525685712228,-1.0659023624401913,-1.8236987281279962,-0.10003082788638121
-1.1079149227596643,0.9183761364729651,0.8137669628287579,-1.9192227428881388,2.783684313479549,-3.824976870888158,-4.811412400869482,4.791484904404647,0.6848580764115222,0.7408780738565464,-1.0684307715311006,-1.8198346116970279,-0.09741017437294607
-1.1165377294025771,0.9173512813883009,0.7913326469211941,-1.9145727233003857,2.81031915973815,-3.823360856472523,-4.829778046173323,4.7989022416505325,0.689479944896113,0.7511608514110194,-1.067249084180622,-1.8233562290268457,-0.10214337817755655
-1.1076632510493947,0.9149184249927843,0.7764438183162555,-1.9217887385486982,2.8205077378392582,-3.8361430921052633,-4.8409119410472,4.80758939375605,0.6832310027140049,0.749010923476795,-1.0697162828947369,-1.8236783167545543,-0.10122016981955587
-1.11085929110943,0.9197961639527612,0.8044883067467364,-1.9106201407304726,2.7896536264215404,-3.830117429373065,-4.831184758981464,4.785937878146176,0.6785583964154764,0.756953859905932,-1.0717635130083731,-1.8240704398370087,-0.10126358937783926
-1.0993683802713783,0.9073970898174427,0.7901654213260703,-1.894206168635487,2.829542994134652,-3.8298868941079722,-4.8446457576915725,4.8031026893756055,0.6817658313212951,0.7546785573946535,-1.0764789548444975,-1.8251868857861937,-0.1095627069980246
-1.111189133578192,0.9105562140718203,0.8040943259262814,-1.9007315272420444,2.823249653574159,-3.8337901206946596,-4.828385516195299,4.826553802637948,0.6961142885173025,0.7452921963488673,-1.0697559995514354,-1.8233794493048898,-0.09145010257398693
-1.0961076110101036,0.9204807160380989,0.7866759304808985,-1.901521817743491,2.827802092292622,-3.8240169371613777,-4.842126439184025,4.827007956195547,0.6822162464352474,0.7547507825248368,-1.0775953199760766,-1.8201177492809204,-0.10111597467846874
-1.1015277998096447,0.8972266151144891,0.7886020589364562,-1.910507699493732,2.8032939572582185,-3.8242217734133126,-4.8359009232275945,4.822370371490804,0.6878306383004218,0.7593672384934729,-1.0761287006578948,-1.8236137119487057,-0.1015477987039073
-1.0977438584476278,0.9107594375360785,0.7984670462180841,-1.901253992888139,2.8240776411983943,-3.833462080350232,-4.825436233995796,4.804051079985479,0.6766763698835314,0.7507184080437704,-1.069810761812201,-1.8208664159875358,-0.10568738163450851
-1.088277474924346,0.9099033246344045,0.7931725364153388,-1.9062618656581485,2.824652902212347,-3.8283158529653636,-4.826920579137206,4.820947407429816,0.6826082943407304,0.7645861017289787,-1.081700620514354,-1.822069188938159,-0.10127213170397979
-1.1011478136592152,0.9049801117231094,0.8030378986489729,-1.9065634040501447,2.81254367653383,-3.831342667618034,-4.82083390562297,4.796155009680542,0.6618124838987011,0.7479670102226915,-1.0694195761064593,-1.8235854356423777,-0.10387508702789726
-1.1028458350619874,0.9039103464137964,0.7868054763990209,-1.9015459257473482,2.8130099328650613,-3.8294530342976008,-4.822707158895471,4.821039296950629,0.6857652722692197,0.7499355082549434,-1.0678775418660287,-1.8200471521452541,-0.10320349972966605
-1.1010625884664194,0.9160004983343756,0.7883207511938471,-1.906721612825458,2.809198688658735,-3.8410871287248454,-4.833677951223008,4.82263734269119,0.6778395483098878,0.7497814967184201,-1.068808500299043,-1.8238858011744967,-0.1056524572071936
-1.1001824047918294,0.9128828079901866,0.8033879163467076,-1.8947825006027001,2.811559647959671,-3.834639699835526,-4.833203199646475,4.837993858906099,0.6726798777199962,0.7577065291892637,-1.061646605861244,-1.8225738554650048,-0.09331506109320631
-1.1016827113737309,0.9058374460325669,0.8006336126475811,-1.9143242978543877,2.7965140153144112,-3.8182486424874225,-4.82078874450602,4.837175928727008,0.6766790846374138,0.750123171734018,-1.0714143802332536,-1.8199458443192713,-0.10135160837370723
-1.10855258642254,0.9174380952953627,0.7966508724383279,-1.8904370329074254,2.813647162294534,-3.8234137662054954,-4.815442564016816,4.831846336519845,0.6796118613401073,0.7434301846863601,-1.071325228020335,-1.8202802912272291,-0.10385604377597622
-1.1038522359124854,0.9119658126082355,0.7838832410701431,-1.9030528643322082,2.8147390756402904,-3.8279730734810373,-4.823564100420409,4.820618042110358,0.6763906654404717,0.761665225601123,-1.0751775568181818,-1.820732337607862,-0.09808333091064783
-1.1104003715589614,0.9145884569823937,0.7885193820191015,-1.8881603332931534,2.811165065940367,-3.8430644410313466,-4.841927133097649,4.802032913843175,0.6810097723650786,0.7458266904336245,-1.075661258971292,-1.8222319181447746,-0.10337858201916804
-1.090567115506638,0.9181412503607851,0.7913872961760895,-1.8954827627772421,2.8366486435636467,-3.8316998083155958,-4.836193537406841,4.838956997216844,0.6742893523233799,0.7492609695958917,-1.0636971067583731,-1.8199864798058485,-0.09937919234713295
-1.1116486251098203,0.912175424974745,0.7928898226027069,-1.9050526985896818,2.8049719574254586,-3.824507863898026,-4.843027422128798,4.81862899322362,0.6787851719768501,0.7460603792714533,-1.0573833732057416,-1.8240239992809204,-0.10566722929604437
-1.1124548325544221,0.9085539508971522,0.7777414803405164,-1.8950369530496625,2.813555329582378,-3.8333974548906733,-4.84290500191095,4.83777264339303,0.6843048282927531,0.7529114085897005,-1.0550235496411484,-1.825413096236817,-0.09648665924632709
-1.0946153121644377,0.9100121238815663,0.8074006527164523,-1.9176274710703953,2.808791787617068,-3.834105311532508,-4.834187040177718,4.806599785212972,0.6830592243217983,0.7526123843648013,-1.077532988187799,-1.8217304350431447,-0.10217970666123985
-1.1164393486431081,0.9123710381289686,0.791667666538683,-1.9073706454918034,2.800935051127676,-3.8330100800599847,-4.810895847267342,4.8239207708131655,0.6694159010436638,0.7547336753395565,-1.061307005083732,-1.8216997243528283,-0.10241372392183573
-1.105453592499268,0.9047866595211179,0.7974428648133038,-1.8922952326422373,2.8112977754085438,-3.828448127297794,-4.840509223318365,4.833304468175218,0.6736636483596147,0.7492034144629487,-1.0557154605263157,-1.8256696428571428,-0.09285256020593707
-1.1100495564476767,0.9041946525639792,0.7917930879847379,-1.9031093674662487,2.824609785634079,-3.8262860088525543,-4.822716116472387,4.851650986205227,0.664215087890625,0.7525187869702679,-1.0634037642045455,-1.8211856948106424,-0.09335429797936702
-1.1020294272867044,0.9136098274846065,0.8062076491709061,-1.9048050265188043,2.8341344430905964,-3.8229451371420278,-4.833901144181158,4.836448753630203,0.6674302458031777,0.752113276375624,-1.049685817882775,-1.8230951881591564,-0.10282224533107602
-1.0967475625976182,0.9144389754606023,0.7942250266965828,-1.9093706680930569,2.8281606505041093,-3.8369427849264706,-4.815441817552073,4.818211519845112,0.6647434819695408,0.7511012809110433,-1.0750700882177033,-1.8200572642018216,-0.09501503119034531
-1.1104156243898868,0.9219592771370502,0.7958206349587252,-1.894592650072324,2.7971784959145642,-3.8427401799535605,-4.822588097768966,4.840190888189738,0.6672553782082774,0.7484075788299098,-1.0641565116626794,-1.8223952091323106,-0.09828829954284869
-1.0969317405310426,0.918179489819848,0.7887224185304281,-1.9027439805327868,2.8159295411649463,-3.832248935758514,-4.8330994410472,4.8125975617134555,0.6715159035899156,0.7506658678939095,-1.0553885690789473,-1.824129426833653,-0.10187991112960323
-1.111799246815209,0.9214533324514143,0.793213687398013,-1.8971236137897782,2.8034025886372325,-3.824444750145124,-4.84953659468756,4.816719355033882,0.6678935794011216,0.747062438507871,-1.0611561752392344,-1.8217802462847554,-0.10054944383321453
-1.0987175610418294,0.9072927064291899,0.7978649670342196,-1.8916804785438766,2.8144499519184825,-3.82952786377709,-4.825266040034397,4.815193913359148,0.6798676566843607,0.7500733968552026,-1.0773095469497607,-1.822968225671141,-0.09794375708871485
-1.0981084964369388,0.9077621967902155,0.7980141041946631,-1.9034448077386692,2.817749770044916,-3.824075137867647,-4.8228818316453275,4.82143181268151,0.6733777566921492,0.7491610448862546,-1.083517120215311,-1.8246187380153405,-0.10012623292667457
-1.093935703216517,0.913249700097412,0.7878718399044923,-1.9036192140790742,2.8110450487982606,-3.828622729416602,-4.8373886274603475,4.843062530251694,0.6780142286803825,0.7606273584481187,-1.060425201854067,-1.8224847195589646,-0.10371870582531896
-1.1164170413778798,0.9202674394482394,0.7875952190619601,-1.8925189850530375,2.814879251182626,-3.826838537635449,-4.831911815641123,4.842083887947725,0.674332273518381,0.7583283870914523,-1.0641457648026316,-1.8197396707214766,-0.0985954870183072
-1.099229198189184,0.9132316608439965,0.7891885776120656,-1.9006676787005785,2.803015472692087,-3.8473180056356426,-4.851911099034971,4.81760686410939,0.6934980146724022,0.7519108960303081,-1.058040707236842,-1.822740891658677,-0.11422582597214503
-1.0964222006479403,0.9205638657218107,0.7795898999928009,-1.9065125512295082,2.836095967424025,-3.843661943087268,-4.828316841438945,4.832829516577928,0.6774829794292802,0.755471065328638,-1.0680459404904306,-1.8198452855345157,-0.1008227746721257
-1.1210432249975595,0.9286343646274293,0.7949878665530812,-1.8866373854869818,2.796363573920107,-3.8383120132304565,-4.833982508838143,4.847080711519845,0.6734217544274828,0.7395805524392878,-1.072493925687799,-1.8261950952780441,-0.08958254832030495
-1.1119229854060915,0.9140883374723399,0.7996657677817239,-1.8855655210342335,2.8132981233275993,-3.8234198130321206,-4.833018822854959,4.858515851887706,0.6721898178381422,0.7472055295672154,-1.0729673482356459,-1.8224100026965484,-0.09786173777909336
-1.1008557219469934,0.9146125093202809,0.7865502278208389,-1.8684490266393443,2.8131990111931384,-3.835684667061726,-4.839098778186509,4.817165945667957,0.6832546866013228,0.7484575411847284,-1.0819437799043061,-1.821980989333653,-0.09154901775520129
-1.1030847325263569,0.9157392110231865,0.791528746820407,-1.888980193768081,2.8082085005733943,-3.8279965049342106,-4.816555542948596,4.847615410212972,0.6761323893728431,0.7588188711844884,-1.0785137559808613,-1.8211508643935763,-0.09876281750080043
-1.0970946598313647,0.910703252778045,0.7835238964412555,-1.8909286101735776,2.8122343944117927,-3.8370557849990323,-4.823655169119053,4.823937787391094,0.6764498751587663,0.7585312829957765,-1.059669650867225,-1.8229715963566635,-0.09510244844776967
-1.1055677027406288,0.9029247642870887,0.7875707534435592,-1.9096891574252652,2.821136754587156,-3.8269541831946596,-4.831306432734569,4.854915143998064,0.6752318399815471,0.7564624853018813,-1.0697345058313397,-1.8222036418384469,-0.09796478253786185
-1.1067041339747656,0.9266890378463537,0.7970273242524957,-1.8926907545805207,2.8185017903645835,-3.8251582756869196,-4.814974157390598,4.847607090997096,0.6785037268890194,0.7481012430408908,-1.0730366888456937,-1.8209222195589645,-0.09504838047879313
-1.103280540743362,0.9119350895047623,0.8012043833389326,-1.8935027046166828,2.808112934824159,-3.8190740343217877,-4.7946733022405885,4.845867618586641,0.6698871916788487,0.75523620476579,-1.0618384606758373,-1.823128520493768,-0.0960247188017259
-1.101447341126513,0.917136125709544,0.7971008148456997,-1.8949894904170685,2.818968606651376,-3.828786749588816,-4.833305092083891,4.841635028436593,0.6852841055466353,0.7502801828865905,-1.078499084180622,-1.8231787062559923,-0.09935455646732433
-1.105113454369631,0.9085496289926881,0.7951671873500192,-1.8913442848963355,2.814642763283639,-3.831264814725232,-4.845278759793618,4.8414572997337855,0.6680301596050614,0.7522363075026397,-1.0664734412380383,-1.8205222315436242,-0.09960853728569616
-1.1106508993069113,0.9170712971425823,0.7897165100367153,-1.9028132910438766,2.8184540074899656,-3.8279927256675697,-4.831643461566023,4.8358762403194575,0.6695081090634586,0.7623547623404204,-1.0769930285586125,-1.82139580087488,-0.10061534009218538
-1.118145949763276,0.9085902173128728,0.7896730156040027,-1.8855736198167792,2.809418751194572,-3.821987470975232,-4.817117257667686,4.848800520329139,0.6677725388228528,0.751347530641078,-1.0738701779306221,-1.8235101569990413,-0.08930911719165317
-1.1101425987163218,0.9072708150435347,0.8012729995560568,-1.874419524469624,2.8257336164468656,-3.826620096023607,-4.834893942289318,4.862692476403678,0.6780406741276841,0.751061770343396,-1.0775986842105263,-1.823616333593001,-0.09587926328147654
-1.116232100802909,0.9140590236855397,0.7848323852046938,-1.8824098209980713,2.804824875764526,-3.8310305001934983,-4.822995667518632,4.825899609753146,0.6610407917046108,0.7548064628977491,-1.0760359973086124,-1.8208626707813997,-0.09686211453815183
-1.1085083532128563,0.9216577773234559,0.7905771186288155,-1.8854741743008678,2.807111734279434,-3.8357636537345203,-4.833396534014906,4.858807780735721,0.6686117722212903,0.7607953369468708,-1.0730525755083733,-1.8219356723394056,-0.10027900369859125
-1.0988777157665464,0.9219489421481143,0.7837560854710597,-1.90059987493973,2.817314871225153,-3.8322122768720974,-4.817357619314924,4.833104806994192,0.6718376487310679,0.7557640903214389,-1.0662354216507177,-1.8219414774089167,-0.09814069074287467
-1.109286342920246,0.9079332878343275,0.7837616628821511,-1.8910063961547734,2.8263967904840404,-3.8401857736309983,-4.831923759077012,4.845130233543078,0.6770844722818012,0.7591502818889182,-1.0698209479665073,-1.8221158167545541,-0.0989040667513411
-1.1062876363603085,0.9111813869479989,0.7889138315295642,-1.889919087512054,2.832086125645069,-3.820564199158282,-4.812053987316071,4.8330658579380446,0.6724485619667849,0.7522016244420714,-1.066573059958134,-1.8222566365052733,-0.09473423761485417
-1.0992814391351036,0.9137449339763325,0.7906869795666155,-1.900992006689971,2.811126988962156,-3.8279182741147446,-4.831978997467991,4.820203972047435,0.6785996325908263,0.763404299874616,-1.0659468450956937,-1.8242223079458293,-0.09684666401870289
-1.0948504917512691,0.9193677316841447,0.7915846146693223,-1.8852933642719383,2.8041355704677944,-3.8279745851876936,-4.835488874689471,4.843464121490803,0.6828719999161235,0.7625690474119313,-1.0719484524521532,-1.823109981723394,-0.09221720110164858
-1.1076390371803007,0.9231353049235136,0.7911200491337109,-1.879496519406943,2.809618468678326,-3.8121666686822757,-4.8341650194678,4.872031552516941,0.6787254941975412,0.7554268678609138,-1.0630928528708135,-1.8200449050215723,-0.0929558468399623
-1.099776965479793,0.9013690665888975,0.7970602262910348,-1.8756188976615236,2.8162931389764907,-3.8157547044311144,-4.830130377532009,4.866754900774444,0.6795010244919478,0.7502026146903197,-1.0765018503289474,-1.8212311990651966,-0.08815464069182836
-1.1002519958329267,0.9220766262386954,0.7921172339940488,-1.8986147314971071,2.808250870544247,-3.8315131125435373,-4.842822144324479,4.858371021902227,0.6671092027535468,0.7600660552949222,-1.080886475777512,-1.8229910714285715,-0.09943201554344674
-1.1056410116592639,0.9164885916754859,0.7872526066663467,-1.8946992526518804,2.783079934776376,-3.829768980988777,-4.827280375143321,4.835584689617619,0.666838148620231,0.7597660936900077,-1.0640387634569377,-1.8259424811241611,-0.10143830590475787
-1.102880249261763,0.9051909454974023,0.7776524761080582,-1.9017770235655738,2.808637613185684,-3.816544193232392,-4.820240839384674,4.844784229791868,0.6701983118349789,0.7563625605922442,-1.075064668062201,-1.823319900527325,-0.09942428733402402
-1.104215157958317,0.9116875195425246,0.7900517171302074,-1.8973134643201544,2.827042045943234,-3.832515751983359,-4.820145291897573,4.841879310866409,0.6700480174433234,0.7499600676113457,-1.0675986842105263,-1.82004621584372,-0.10244094373731394
-1.110627257418977,0.917822650838224,0.7902317878311577,-1.8794422763982643,2.8160307064698014,-3.8284931005708205,-4.82441432376266,4.84332269482091,0.6745978045317292,0.7562497937763967,-1.0775067284688995,-1.8213225820949186,-0.09972292658394549
-1.0919055514203435,0.916053770504618,0.7888234680960837,-1.9052691055930568,2.8053919240969036,-3.832414845564048,-4.833507010796866,4.838250998305905,0.6802450074739983,0.7593173698766558,-1.0690645559210525,-1.8220040223513903,-0.09860304414523124
-1.1042630137153455,0.9206633634789302,0.7923216765753983,-1.8873022390308583,2.826591655019591,-3.8341536861455108,-4.818541512397286,4.849959916505324,0.6675572307563267,0.7547796069603091,-1.0662655128588516,-1.8211364453499521,-0.0930212829460057
-1.1038166777503904,0.923003580791803,0.7870885651636591,-1.8901927510245902,2.7994343702217126,-3.82865674281637,-4.823741385796866,4.85601101161665,0.6747700509849501,0.7525443305756863,-1.0665890400717704,-1.82124449454698,-0.09106999855771554
-1.1077259783165756,0.9153838753126804,0.7894734473987329,-1.9027882413211186,2.800163619015195,-3.831110998572949,-4.841390051715077,4.859159456679574,0.6601237665656154,0.749408138258303,-1.0739890475478469,-1.8243745505752638,-0.0986677251285219
-1.1104674840150333,0.9149595770396383,0.7928462344319928,-1.9004531551350048,2.827203499796923,-3.8317935341282894,-4.841581519921651,4.838723681026138,0.6589794509981307,0.7613459539678921,-1.0693144437799043,-1.823855277744487,-0.08305300187723516
-1.093776215803153,0.9057553298477486,0.7882634772749089,-1.8755420533992286,2.8202803958811162,-3.834966984326625,-4.817781984521307,4.846186773959341,0.6667661140301476,0.7506063911319351,-1.0536203835227274,-1.8218813668504314,-0.08216484183387601
-1.0988936359088246,0.9188707126707716,0.784431702117129,-1.8944231406702026,2.8133324672687308,-3.823744074109907,-4.828428811150392,4.8431865621974834,0.6718237005128451,0.7503203964892494,-1.0663846628289473,-1.8224528853068074,-0.09168055659909324
-1.1068125244045295,0.917551686219213,0.7920016550381551,-1.8832716821359692,2.8149292738794918,-3.8302323190789473,-4.826484270494936,4.83970686108422,0.6616886349543472,0.7548331313591861,-1.0657967628588516,-1.8216298762583893,-0.09980591929399044
-1.0976262209891157,0.9061492808350972,0.787296382313064,-1.8715478468539055,2.809195888880925,-3.832008196473491,-4.822239871966367,4.852244297555663,0.6759311699428441,0.7538611620212613,-1.066769774222488,-1.8212525467401726,-0.09684851052980922
-1.106526915145451,0.9085101681258418,0.7918414567935305,-1.8891918921769528,2.805494955920298,-3.8255717274574303,-4.84425162430728,4.857210113141336,0.6677514760772143,0.7559194610589844,-1.0523202003588517,-1.8201731783317354,-0.10515263673762806
-1.1063420699006736,0.9097154157446604,0.7839564973183433,-1.8779460734088718,2.8175847698060017,-3.829689994315983,-4.840189363175998,4.863541414569216,0.6698400579347201,0.7566622409831542,-1.056158324611244,-1.8206948855465004,-0.09506433834634158
-1.1053660793818332,0.9138866172791995,0.7936476943451238,-1.8886396682135969,2.8107413662318423,-3.8400455628386223,-4.821555363797057,4.864603627178122,0.6661419078616276,0.748789186234162,-1.0769548071172248,-1.8243367239932886,-0.09180729923362592
-1.0912155514813549,0.9205936492808351,0.7923107092292186,-1.884455987825458,2.7902944022362384,-3.830165803986068,-4.823311048872539,4.830946726766699,0.6665582013276458,0.7506737887550393,-1.0648772988935407,-1.8226783467162033,-0.09426420909764341
-1.1064660944821358,0.911036603148451,0.7869082132487042,-1.8802934019406943,2.823509286303039,-3.8240668234810373,-4.8197354827536785,4.8551110237173285,0.6711576496896569,0.7492287237233634,-1.0676647540370814,-1.8216907358581016,-0.09537688837322394
-1.0929623819430887,0.9321191349877334,0.7829416897137167,-1.8806973993490839,2.790380635392775,-3.832004795133514,-4.825414959750621,4.861392787996127,0.6640722356690951,0.7548384744252735,-1.063116122159091,-1.8214246389621285,-0.09777165989384484
-1.1151959569321066,0.9217265519771022,0.7951584697158763,-1.8783875512295083,2.8296398664468656,-3.8275520631772446,-4.812126767628511,4.849362067400774,0.6651860336584547,0.7510553492902908,-1.075603880083732,-1.8212038590604027,-0.09538127752422433
